use bienestar;

#Javier
#------------------------------------------------------------------

insert into persona (perID,perNombre,perApellido,perDireccion,perBarrio,perCiudad,perTipoVivienda,perLocalidad,perEmail,perEntidadSalud,perFacultad) values (1,'Laura Laura','Suárez Jiménez','TV 118 j No. 11-90','El Salado','Bucaramanga','Casa','Engativá','LSuárezJ@unal.edu.co','Sanitas','Ingeniería');
insert into persona (perID,perNombre,perApellido,perDireccion,perBarrio,perCiudad,perTipoVivienda,perLocalidad,perEmail,perEntidadSalud,perFacultad) values (2,'Fernando Roberto','Gómez Romero','TV 179 a No. 24-53','El Centro','Ibagué','Finca','Puente Aranda','FGómezR@unal.edu.co','Aliansalud','Ciencias Humanas');
insert into persona (perID,perNombre,perApellido,perDireccion,perBarrio,perCiudad,perTipoVivienda,perLocalidad,perEmail,perEntidadSalud,perFacultad) values (3,'Ana Andrés','González Gómez','CL 84 a No. 37-80','San Antonio','Ibagué','Apartamento','Teusaquillo','AGonzálezG@unal.edu.co','Cafesalud','Ingeniería');
insert into persona (perID,perNombre,perApellido,perDireccion,perBarrio,perCiudad,perTipoVivienda,perLocalidad,perEmail,perEntidadSalud,perFacultad) values (4,'Alejandro Andrea','Álvarez Flores','AK 172 o No. 90-27','Buenos Aires','Bucaramanga','Finca','Usaquén','AÁlvarezF@unal.edu.co','Famisanar','Enfermería');
insert into persona (perID,perNombre,perApellido,perDireccion,perBarrio,perCiudad,perTipoVivienda,perLocalidad,perEmail,perEntidadSalud,perFacultad) values (5,'Jorge Mónica','Torres Hernández','AC 7 g No. 22-82','Manrique','Villavicencio','Finca','Otra','JTorresH@unal.edu.co','SaludTotal','Ciencias Veterinarias y de Zootecnia');
insert into persona (perID,perNombre,perApellido,perDireccion,perBarrio,perCiudad,perTipoVivienda,perLocalidad,perEmail,perEntidadSalud,perFacultad) values (6,'María Juan','Morales Sánchez','AC 84 o No. 55-3','Laureano Gómez','Soacha','Casa','Chapinero','MMoralesS@unal.edu.co','SaludTotal','Artes');
insert into persona (perID,perNombre,perApellido,perDireccion,perBarrio,perCiudad,perTipoVivienda,perLocalidad,perEmail,perEntidadSalud,perFacultad) values (7,'Alejandro Ricardo','Núñez García','AK 43 t No. 61-99','El Diamante','Cúcuta','Apartaestudio','Usme','ANúñezG@unal.edu.co','Compensar','Ciencias Veterinarias y de Zootecnia');
insert into persona (perID,perNombre,perApellido,perDireccion,perBarrio,perCiudad,perTipoVivienda,perLocalidad,perEmail,perEntidadSalud,perFacultad) values (8,'Pedro Luis','Flores González','TV 90 r No. 45-9','El Poblado','Soacha','Casa','Usme','PFloresG@unal.edu.co','Sura EPS','Ciencias Agrarias');
insert into persona (perID,perNombre,perApellido,perDireccion,perBarrio,perCiudad,perTipoVivienda,perLocalidad,perEmail,perEntidadSalud,perFacultad) values (9,'Felipe Diego','López Torres','KR 84 i No. 27-90','Manrique','Soacha','Casa','Teusaquillo','FLópezT@unal.edu.co','SaludTotal','Ciencias Agrarias');
insert into persona (perID,perNombre,perApellido,perDireccion,perBarrio,perCiudad,perTipoVivienda,perLocalidad,perEmail,perEntidadSalud,perFacultad) values (10,'Ricardo Laura','Chávez Castro','TV 91 o No. 32-55','La Francia','Bucaramanga','Apartamento','Usme','RChávezC@unal.edu.co','Aliansalud','Ciencias Económicas');
insert into persona (perID,perNombre,perApellido,perDireccion,perBarrio,perCiudad,perTipoVivienda,perLocalidad,perEmail,perEntidadSalud,perFacultad) values (11,'Jorge Alejandro','Vargas Hernández','AK 151 c No. 63-35','Buenos Aires','Barranquilla','Finca','Engativá','JVargasH@unal.edu.co','SaludTotal','Ciencias Económicas');
insert into persona (perID,perNombre,perApellido,perDireccion,perBarrio,perCiudad,perTipoVivienda,perLocalidad,perEmail,perEntidadSalud,perFacultad) values (12,'Roberto Andrea','Álvarez Torres','AK 116 f No. 81-17','El Centro','Cali','Apartamento','Los Mártires','RÁlvarezT@unal.edu.co','Sura EPS','Ciencias Agrarias');
insert into persona (perID,perNombre,perApellido,perDireccion,perBarrio,perCiudad,perTipoVivienda,perLocalidad,perEmail,perEntidadSalud,perFacultad) values (13,'Carla Jorge','Suárez Núñez','KR 134 r No. 95-33','San Joaquín','Cali','Apartaestudio','Tunjuelito','CSuárezN@unal.edu.co','Nueva EPS','Odontología');
insert into persona (perID,perNombre,perApellido,perDireccion,perBarrio,perCiudad,perTipoVivienda,perLocalidad,perEmail,perEntidadSalud,perFacultad) values (14,'Jorge Fernando','Hernández Mendoza','KR 134 t No. 84-36','Manrique','Barranquilla','Apartaestudio','Suba','JHernándezM@unal.edu.co','Sura EPS','Medicina');
insert into persona (perID,perNombre,perApellido,perDireccion,perBarrio,perCiudad,perTipoVivienda,perLocalidad,perEmail,perEntidadSalud,perFacultad) values (15,'Alejandro Pedro','Díaz Ortiz','AC 15 h No. 3-4','Campo Valdés','Medellín','Apartamento','Antonio Nariño','ADíazO@unal.edu.co','EPS Familiar','Ingeniería');
insert into persona (perID,perNombre,perApellido,perDireccion,perBarrio,perCiudad,perTipoVivienda,perLocalidad,perEmail,perEntidadSalud,perFacultad) values (16,'Manuel María','Ortiz Castro','KR 91 h No. 73-26','San Lucas','Barranquilla','Casa','Rafael Uribe Uribe','MOrtizC@unal.edu.co','SaludTotal','Psicología');
insert into persona (perID,perNombre,perApellido,perDireccion,perBarrio,perCiudad,perTipoVivienda,perLocalidad,perEmail,perEntidadSalud,perFacultad) values (17,'Gustavo Pedro','Díaz López','CL 20 q No. 5-48','El Lido','Cali','Apartaestudio','Bosa','GDíazL@unal.edu.co','Sanitas','Psicología');
insert into persona (perID,perNombre,perApellido,perDireccion,perBarrio,perCiudad,perTipoVivienda,perLocalidad,perEmail,perEntidadSalud,perFacultad) values (18,'Carla Lucía','García Díaz','KR 3 k No. 4-36','Aranjuez','Villavicencio','Casa','Antonio Nariño','CGarcíaD@unal.edu.co','Colmedica','Ciencias Económicas');
insert into persona (perID,perNombre,perApellido,perDireccion,perBarrio,perCiudad,perTipoVivienda,perLocalidad,perEmail,perEntidadSalud,perFacultad) values (19,'Andrés Carla','Hernández Álvarez','CL 44 o No. 36-66','Moravia','Bucaramanga','Apartamento','Antonio Nariño','AHernándezÁ@unal.edu.co','Cafesalud','Ciencias Veterinarias y de Zootecnia');
insert into persona (perID,perNombre,perApellido,perDireccion,perBarrio,perCiudad,perTipoVivienda,perLocalidad,perEmail,perEntidadSalud,perFacultad) values (20,'Ernesto Luis','Mendoza Reyes','AC 66 b No. 24-63','Itagüí','Cartagena','Apartamento','Usme','EMendozaR@unal.edu.co','Aliansalud','Ciencias');
insert into persona (perID,perNombre,perApellido,perDireccion,perBarrio,perCiudad,perTipoVivienda,perLocalidad,perEmail,perEntidadSalud,perFacultad) values (21,'Fernando Andrea','Ruiz Fernández','CL 69 b No. 19-15','San Joaquín','Bucaramanga','Finca','Los Mártires','FRuizF@unal.edu.co','Cafesalud','Ciencias Veterinarias y de Zootecnia');
insert into persona (perID,perNombre,perApellido,perDireccion,perBarrio,perCiudad,perTipoVivienda,perLocalidad,perEmail,perEntidadSalud,perFacultad) values (22,'Juan Fernando','Castro Vargas','AC 44 t No. 35-12','Moravia','Ibagué','Apartamento','Ciudad Bolívar','JCastroV@unal.edu.co','Nueva EPS','Enfermería');
insert into persona (perID,perNombre,perApellido,perDireccion,perBarrio,perCiudad,perTipoVivienda,perLocalidad,perEmail,perEntidadSalud,perFacultad) values (23,'Felipe Mario','Sánchez Suárez','AC 36 e No. 7-35','Bello','Cartagena','Casa','Kennedy','FSánchezS@unal.edu.co','SaludTotal','Ciencias');
insert into persona (perID,perNombre,perApellido,perDireccion,perBarrio,perCiudad,perTipoVivienda,perLocalidad,perEmail,perEntidadSalud,perFacultad) values (24,'Alejandro Carlos','Cruz López','TV 80 a No. 16-64','Bello','Bogotá','Finca','Chapinero','ACruzL@unal.edu.co','Cafesalud','Enfermería');
insert into persona (perID,perNombre,perApellido,perDireccion,perBarrio,perCiudad,perTipoVivienda,perLocalidad,perEmail,perEntidadSalud,perFacultad) values (25,'María Lucía','Díaz Núñez','AC 51 l No. 67-84','Guayabal','Bogotá','Apartaestudio','Santa Fe','MDíazN@unal.edu.co','EPS Familiar','Psicología');
insert into persona (perID,perNombre,perApellido,perDireccion,perBarrio,perCiudad,perTipoVivienda,perLocalidad,perEmail,perEntidadSalud,perFacultad) values (26,'Manuel Jorge','Romero Morales','TV 117 b No. 62-64','Moravia','Bucaramanga','Apartaestudio','Antonio Nariño','MRomeroM@unal.edu.co','Coomeva EPS','Psicología');
insert into persona (perID,perNombre,perApellido,perDireccion,perBarrio,perCiudad,perTipoVivienda,perLocalidad,perEmail,perEntidadSalud,perFacultad) values (27,'Gustavo Carla','Mendoza Cruz','KR 24 c No. 14-59','La Pradera','Villavicencio','Apartamento','Los Mártires','GMendozaC@unal.edu.co','Sura EPS','Ciencias');
insert into persona (perID,perNombre,perApellido,perDireccion,perBarrio,perCiudad,perTipoVivienda,perLocalidad,perEmail,perEntidadSalud,perFacultad) values (28,'Luis Carlos','Hernández Ortiz','CL 42 r No. 5-93','La Francia','Ibagué','Casa','Otra','LHernándezO@unal.edu.co','Compensar','Psicología');
insert into persona (perID,perNombre,perApellido,perDireccion,perBarrio,perCiudad,perTipoVivienda,perLocalidad,perEmail,perEntidadSalud,perFacultad) values (29,'Mario Mónica','Suárez Morales','KR 146 k No. 65-2','La Castellana','Bucaramanga','Casa','Puente Aranda','MSuárezM@unal.edu.co','Compensar','Ingeniería');
insert into persona (perID,perNombre,perApellido,perDireccion,perBarrio,perCiudad,perTipoVivienda,perLocalidad,perEmail,perEntidadSalud,perFacultad) values (30,'Gabriela Andrés','Díaz Flores','AK 172 p No. 25-52','Campo Valdés','Cúcuta','Apartamento','Antonio Nariño','GDíazF@unal.edu.co','SaludTotal','Medicina');

insert into carrera values(1,'Administración de Empresas (SNIES 19 )','149');
insert into carrera values(2,'Antropología (SNIES 13 )','152');
insert into carrera values(3,'Arquitectura (SNIES 30 )','172');
insert into carrera values(4,'Artes Plásticas  (SNIES 2497 )*','188');
insert into carrera values(5,'Biología (SNIES 31 )','156');
insert into carrera values(6,'Ciencia Política (SNIES 3140 )','144');
insert into carrera values(7,'Ciencias de la Computación (SNIES 106341)','172');
insert into carrera values(8,'Cine y Televisión (SNIES 6 )*','172');
insert into carrera values(9,'Contaduría Pública (SNIES 16895 )','141');
insert into carrera values(10,'Derecho (SNIES 17 )','168');
insert into carrera values(11,'Diseño Gráfico (SNIES 4 )','171');
insert into carrera values(12,'Diseño Industrial (SNIES 5 )','147');
insert into carrera values(13,'Economía (SNIES 18 )','167');
insert into carrera values(14,'Enfermería (SNIES 7 )','154');
insert into carrera values(15,'Español y Filología Clásica (SNIES 54036 )','180');
insert into carrera values(16,'Estadística (SNIES 32 )','175');
insert into carrera values(17,'Farmacia (SNIES 37 )','190');
insert into carrera values(18,'Filología e Idiomas: Alemán (SNIES 23 )','153');
insert into carrera values(19,'Filología e Idiomas: Francés (SNIES 23 )','146');
insert into carrera values(20,'Filología e Idiomas: Inglés (SNIES 23 )','169');
insert into carrera values(21,'Filosofía (SNIES 20 )','152');
insert into carrera values(22,'Física (SNIES 33 )','165');
insert into carrera values(23,'Fisioterapia (SNIES 8 )','148');
insert into carrera values(24,'Geografía (SNIES 3103 )','178');
insert into carrera values(25,'Geología (SNIES 34 )','160');
insert into carrera values(26,'Ingeniería Agrícola (SNIES 24 )','188');
insert into carrera values(27,'Ingeniería Agronómica (SNIES 1 )','162');
insert into carrera values(28,'Ingeniería Civil (SNIES 25 )','137');
insert into carrera values(29,'Ingeniería Sistemas (SNIES 16 )','168');
insert into carrera values(30,'Ingeniería Eléctrica (SNIES 27 )','148');
insert into carrera values(31,'Ingeniería Electrónica (SNIES 16941 )','159');
insert into carrera values(32,'Ingeniería Industrial (SNIES 16940 )','145');
insert into carrera values(33,'Ingeniería Mecánica (SNIES 28 )','158');
insert into carrera values(34,'Ingeniería Mecatrónica (SNIES 16939 )','146');
insert into carrera values(35,'Ingeniería Química (SNIES 29 )','143');
insert into carrera values(36,'Lingüística (SNIES 16938 )','141');
insert into carrera values(37,'Matemáticas (SNIES 35 )','181');
insert into carrera values(38,'Medicina (SNIES 9 )','172');
insert into carrera values(39,'Medicina Veterinaria (SNIES 2 )','176');
insert into carrera values(40,'Música (SNIES 06 )','132');
insert into carrera values(41,'Música Instrumental','149');
insert into carrera values(42,'Nutrición y Dietética (SNIES 10 )','183');
insert into carrera values(43,'Odontología (SNIES 11 )','180');
insert into carrera values(44,'Psicología (SNIES 14 )','167');
insert into carrera values(45,'Química (SNIES 36 )','179');
insert into carrera values(46,'Sociología (SNIES 16 )','162');
insert into carrera values(47,'Trabajo Social (SNIES 15 )','171');
insert into carrera values(48,'Zootecnia (SNIES 3 )','174');

insert into estudiante (estID,carreID,estEdad,estFacultad,estPBM,estTipoAdmision,estEsEgresado) values (1,'36','17','Ingeniería','73','Regular','0');
insert into estudiante (estID,carreID,estEdad,estFacultad,estPBM,estTipoAdmision,estEsEgresado) values (2,'27','27','Artes','50','Regular','0');
insert into estudiante (estID,carreID,estEdad,estFacultad,estPBM,estTipoAdmision,estEsEgresado) values (3,'26','21','Ciencias Humanas','76','PEAMA','0');
insert into estudiante (estID,carreID,estEdad,estFacultad,estPBM,estTipoAdmision,estEsEgresado) values (4,'47','18','Ingeniería','19','Regular','0');
insert into estudiante (estID,carreID,estEdad,estFacultad,estPBM,estTipoAdmision,estEsEgresado) values (5,'22','19','Ciencias Económicas','73','PEAMA','0');
insert into estudiante (estID,carreID,estEdad,estFacultad,estPBM,estTipoAdmision,estEsEgresado) values (6,'13','28','Ciencias Económicas','30','PEAMA','0');
insert into estudiante (estID,carreID,estEdad,estFacultad,estPBM,estTipoAdmision,estEsEgresado) values (7,'13','24','Enfermería','37','PEAMA','0');
insert into estudiante (estID,carreID,estEdad,estFacultad,estPBM,estTipoAdmision,estEsEgresado) values (8,'10','25','Enfermería','88','Regular','0');
insert into estudiante (estID,carreID,estEdad,estFacultad,estPBM,estTipoAdmision,estEsEgresado) values (9,'38','19','Ciencias Veterinarias y de Zootecnia','64','PEAMA','0');
insert into estudiante (estID,carreID,estEdad,estFacultad,estPBM,estTipoAdmision,estEsEgresado) values (10,'16','23','Enfermería','2','Regular','0');
insert into estudiante (estID,carreID,estEdad,estFacultad,estPBM,estTipoAdmision,estEsEgresado) values (11,'34','25','Ciencias','24','Regular','0');
insert into estudiante (estID,carreID,estEdad,estFacultad,estPBM,estTipoAdmision,estEsEgresado) values (12,'38','21','Derecho, Ciencias Políticas y Sociales','79','PEAMA','0');
insert into estudiante (estID,carreID,estEdad,estFacultad,estPBM,estTipoAdmision,estEsEgresado) values (13,'37','24','Ciencias Económicas','43','PEAMA','0');
insert into estudiante (estID,carreID,estEdad,estFacultad,estPBM,estTipoAdmision,estEsEgresado) values (14,'32','26','Ingeniería','39','Regular','0');
insert into estudiante (estID,carreID,estEdad,estFacultad,estPBM,estTipoAdmision,estEsEgresado) values (15,'23','17','Ciencias','64','PEAMA','0');
insert into estudiante (estID,carreID,estEdad,estFacultad,estPBM,estTipoAdmision,estEsEgresado) values (16,'44','26','Enfermería','0','Regular','0');
insert into estudiante (estID,carreID,estEdad,estFacultad,estPBM,estTipoAdmision,estEsEgresado) values (17,'25','19','Ciencias Agrarias','48','Regular','0');
insert into estudiante (estID,carreID,estEdad,estFacultad,estPBM,estTipoAdmision,estEsEgresado) values (18,'14','24','Ciencias Agrarias','84','Regular','0');
insert into estudiante (estID,carreID,estEdad,estFacultad,estPBM,estTipoAdmision,estEsEgresado) values (19,'34','25','Ciencias Económicas','72','Regular','0');
insert into estudiante (estID,carreID,estEdad,estFacultad,estPBM,estTipoAdmision,estEsEgresado) values (20,'44','26','Medicina','77','Regular','0');
insert into estudiante (estID,carreID,estEdad,estFacultad,estPBM,estTipoAdmision,estEsEgresado) values (21,'4','23','Derecho, Ciencias Políticas y Sociales','19','PEAMA','0');
insert into estudiante (estID,carreID,estEdad,estFacultad,estPBM,estTipoAdmision,estEsEgresado) values (22,'27','26','Odontología','25','Regular','0');
insert into estudiante (estID,carreID,estEdad,estFacultad,estPBM,estTipoAdmision,estEsEgresado) values (23,'6','22','Psicología','72','Regular','0');
insert into estudiante (estID,carreID,estEdad,estFacultad,estPBM,estTipoAdmision,estEsEgresado) values (24,'27','22','Ciencias Humanas','18','PEAMA','0');
insert into estudiante (estID,carreID,estEdad,estFacultad,estPBM,estTipoAdmision,estEsEgresado) values (25,'32','24','Ciencias Humanas','22','PEAMA','0');
insert into estudiante (estID,carreID,estEdad,estFacultad,estPBM,estTipoAdmision,estEsEgresado) values (26,'33','22','Ingeniería','92','Regular','0');
insert into estudiante (estID,carreID,estEdad,estFacultad,estPBM,estTipoAdmision,estEsEgresado) values (27,'24','20','Ciencias Veterinarias y de Zootecnia','74','PEAMA','0');
insert into estudiante (estID,carreID,estEdad,estFacultad,estPBM,estTipoAdmision,estEsEgresado) values (28,'40','17','Artes','30','Regular','0');
insert into estudiante (estID,carreID,estEdad,estFacultad,estPBM,estTipoAdmision,estEsEgresado) values (29,'20','28','Ciencias Veterinarias y de Zootecnia','90','PEAMA','0');
insert into estudiante (estID,carreID,estEdad,estFacultad,estPBM,estTipoAdmision,estEsEgresado) values (30,'29','30','Ciencias','96','PEAMA','0');

insert into bienestar.area values
(1, "Salud", 5713165000, "areasalud_bog@unal.edu.co", 21072, "CAN Bloque 3, Edificio 933",
"El Área de Salud promueve el mejoramiento permanente de las condiciones físicas, psíquicas, mentales, sociales y ambientales en las que se desarrolla la vida universitaria, mediante programas formativos, preventivos y correctivos que incidan en la calidad de vida y hábitos de vida saludable.
Protegemos y promocionamos la salud integral de la comunidad universitaria a partir de la caracterización del riesgo individual y grupal, la prevención de la enfermedad, la gestión en salud y la atención de emergencias."),
(2,"Cultura", 5713165194, "culturabien_bog@unal.edu.co", 17248, "Edificio No. 103
Polideportivo Primer Piso / antiguas oficinas División de archivo", 
"El Área de Cultura promueve en la comunidad universitaria el desarrollo de aptitudes estéticas y artísticas en su formación, expresión y divulgación, atendiendo la diversidad cultural de la misma.
Estimulamos la formación y la proyección artística de la comunidad universitaria, en diversas expresiones modernas, contemporáneas, urbanas y representativas del folclor nacional, cultivando el respeto por el patrimonio
 cultural material e inmaterial, el reconocimiento de la diversidad y la creación e investigación de nuevas prácticas del saber."),
 (3,"Actividad física y Deporte",3165000, "divrecd_bog@unal.edu.co", 17207, "Edificio No. 103 Polideportivo",
 "El Área de Actividad Física y Deporte estimula la práctica de actividades de tipo recreativo, formativo y competitivo, en el marco del sano esparcimiento, la promoción de la salud, la utilización racional y formativa del tiempo libre y la implementación del deporte universitario.
Fomentamos la actividad física, el acondicionamiento físico dirigido y el rendimiento deportivo mediante la articulación de las actividades deportivas con la vida académica para apoyar la formación integral y afirmar el sentido de pertenencia hacia la Universidad."),
(4, "Acompañamiento integral", 3165000, "aaintegral@unal.edu.co", 17171, "Ciudad Universitaria - Edificio 103 - Polideportivo Segundo piso",
"El Área de Acompañamiento Integral desarrolla acciones orientadas a los miembros de la comunidad para apoyar su paso por la Universidad, facilitar el conocimiento de sí mismo y de los demás; desarrollar el sentido de pertenencia,
 el compromiso individual, la construcción de un tejido social incluyente y el fortalecimiento de las relaciones humanas.
Un equipo humano interdisciplinario que orienta el fortalecimiento del potencial de los miembros de la comunidad universitaria en los cambios y retos que le impone su tránsito por la institución."),
(5,"Gestión y fomento socieconómico", 3165000, "economicaagfse_bog@unal.edu.co", 10652, "Unidad Camilo Torres Bloque B 7, Oficina: 201", 
"El Área de Gestión y Fomento Socioeconómico promueve el mejoramiento de las condiciones socioeconómicas y el desarrollo personal y profesional de la comunidad estudiantil."),
(6, "Unidades especiales", 3165000, "obsdiscap_nal@unal.edu.co", 10574, "Unidad Camilo Torres (Calle 44 No. 45 - 67), Bloque B, Módulo 8, Oficina 703",
"Los programas de Admisión Especial son creados por la Universidad Nacional de Colombia atendiendo a uno de sus fines misionales, el cual es proyectarse al territorio nacional y contribuir con la unidad nacional, la igualdad de oportunidades de acceso a la educación superior y la promoción del desarrollo de la comunidad académica nacional.");


insert into programa (progID,progNombre,Area_areID) values (1,'Fomento Económico Estudiantes',5);
insert into bienestar.programa values
(2, "Cita medica", 1), 
(3, "CursoCultural", 2),
(4, "Grupo artistico institucional", 2),
(5, "Urgencia",  1);

insert into convocatoria (conv_id,convNombre,convFechaApertura,convFechaCierre,convEstado,Programa_progID) values (1,'Fomento Económico Estudiantes','2023-01-15','2023-02-1',1,1);
insert into convocatoria (conv_id,convNombre,convFechaApertura,convFechaCierre,convEstado,Programa_progID) values (2,'Fomento Económico Estudiantes Alimentación','2023-01-15','2023-02-1',1,1);
insert into convocatoria (conv_id,convNombre,convFechaApertura,convFechaCierre,convEstado,Programa_progID) values (3,'Fomento Económico Estudiantes Alimentación','2023-01-15','2023-02-1',1,1);
insert into convocatoria (conv_id,convNombre,convFechaApertura,convFechaCierre,convEstado,Programa_progID) values (4,'Fomento Económico Estudiantes Alimentación','2023-01-15','2023-02-1',1,1);
insert into convocatoria (conv_id,convNombre,convFechaApertura,convFechaCierre,convEstado,Programa_progID) values (5,'Gestión Alojamiento','2023-01-15','2023-02-1',1,1);
insert into convocatoria (conv_id,convNombre,convFechaApertura,convFechaCierre,convEstado,Programa_progID) values (6,'Gestión Alojamiento','2023-01-15','2023-02-1',1,1);
insert into convocatoria (conv_id,convNombre,convFechaApertura,convFechaCierre,convEstado,Programa_progID) values (7,'Gestión Alojamiento','2023-01-15','2023-02-1',1,1);
insert into convocatoria (conv_id,convNombre,convFechaApertura,convFechaCierre,convEstado,Programa_progID) values (8,'Gestión Alojamiento','2023-01-15','2023-02-1',1,1);
insert into convocatoria (conv_id,convNombre,convFechaApertura,convFechaCierre,convEstado,Programa_progID) values (9,'Gestión Alojamiento','2023-01-15','2023-02-1',1,1);
insert into convocatoria (conv_id,convNombre,convFechaApertura,convFechaCierre,convEstado,Programa_progID) values (10,'Gestión Alojamiento','2023-01-15','2023-02-1',1,1);
insert into convocatoria (conv_id,convNombre,convFechaApertura,convFechaCierre,convEstado,Programa_progID) values (11,'Gestión Alojamiento','2023-01-15','2023-02-1',1,1);
insert into convocatoria (conv_id,convNombre,convFechaApertura,convFechaCierre,convEstado,Programa_progID) values (12,'Gestión Alojamiento','2023-01-15','2023-02-1',1,1);
insert into convocatoria (conv_id,convNombre,convFechaApertura,convFechaCierre,convEstado,Programa_progID) values (13,'Gestión Alojamiento','2023-01-15','2023-02-1',1,1);
insert into convocatoria (conv_id,convNombre,convFechaApertura,convFechaCierre,convEstado,Programa_progID) values (14,'Gestión Alojamiento','2023-01-15','2023-02-1',1,1);
insert into convocatoria (conv_id,convNombre,convFechaApertura,convFechaCierre,convEstado,Programa_progID) values (15,'Gestión Alojamiento','2023-01-15','2023-02-1',1,1);

insert into fallaalimentacion (estID,fallAlcgaComida,fallAlLugar,fallAlFecha) values (23,'Almuerzo','Comedor central','2023-05-19');
insert into fallaalimentacion (estID,fallAlcgaComida,fallAlLugar,fallAlFecha) values (9,'Desayuno','Ciencias Económicas','2023-02-12');
insert into fallaalimentacion (estID,fallAlcgaComida,fallAlLugar,fallAlFecha) values (9,'Desayuno','Ciencias Económicas','2023-05-12');
insert into fallaalimentacion (estID,fallAlcgaComida,fallAlLugar,fallAlFecha) values (2,'Almuerzo','Matemáticas','2023-02-25');
insert into fallaalimentacion (estID,fallAlcgaComida,fallAlLugar,fallAlFecha) values (12,'Almuerzo','Comedor central','2023-02-26');
insert into fallaalimentacion (estID,fallAlcgaComida,fallAlLugar,fallAlFecha) values (19,'Cena','Ciencias Económicas','2023-05-17');
insert into fallaalimentacion (estID,fallAlcgaComida,fallAlLugar,fallAlFecha) values (7,'Almuerzo','Biología','2023-03-16');
insert into fallaalimentacion (estID,fallAlcgaComida,fallAlLugar,fallAlFecha) values (3,'Desayuno','Ciencias Humanas','2023-03-15');
insert into fallaalimentacion (estID,fallAlcgaComida,fallAlLugar,fallAlFecha) values (3,'Desayuno','Ciencias Humanas','2023-04-15');
insert into fallaalimentacion (estID,fallAlcgaComida,fallAlLugar,fallAlFecha) values (3,'Desayuno','Ciencias Humanas','2023-03-21');
insert into fallaalimentacion (estID,fallAlcgaComida,fallAlLugar,fallAlFecha) values (29,'Almuerzo','otro','2023-06-18');
insert into fallaalimentacion (estID,fallAlcgaComida,fallAlLugar,fallAlFecha) values (23,'Almuerzo','otro','2023-04-9');
insert into fallaalimentacion (estID,fallAlcgaComida,fallAlLugar,fallAlFecha) values (24,'Desayuno','Comedor central','2023-06-26');
insert into fallaalimentacion (estID,fallAlcgaComida,fallAlLugar,fallAlFecha) values (28,'Cena','Biología','2023-03-29');
insert into fallaalimentacion (estID,fallAlcgaComida,fallAlLugar,fallAlFecha) values (28,'Cena','Biología','2023-02-18');
insert into fallaalimentacion (estID,fallAlcgaComida,fallAlLugar,fallAlFecha) values (28,'Cena','Biología','2023-01-29');
insert into fallaalimentacion (estID,fallAlcgaComida,fallAlLugar,fallAlFecha) values (28,'Cena','Biología','2023-04-29');
insert into fallaalimentacion (estID,fallAlcgaComida,fallAlLugar,fallAlFecha) values (28,'Cena','Biología','2023-05-29');
insert into fallaalimentacion (estID,fallAlcgaComida,fallAlLugar,fallAlFecha) values (3,'Desayuno','Matemáticas','2023-06-2');
insert into fallaalimentacion (estID,fallAlcgaComida,fallAlLugar,fallAlFecha) values (20,'Cena','Ciencias Humanas','2023-02-14');
insert into fallaalimentacion (estID,fallAlcgaComida,fallAlLugar,fallAlFecha) values (14,'Almuerzo','Agronomía','2023-06-20');
insert into fallaalimentacion (estID,fallAlcgaComida,fallAlLugar,fallAlFecha) values (11,'Cena','Odontología','2023-02-27');
insert into fallaalimentacion (estID,fallAlcgaComida,fallAlLugar,fallAlFecha) values (14,'Almuerzo','Ciencias Económicas','2023-02-28');
insert into fallaalimentacion (estID,fallAlcgaComida,fallAlLugar,fallAlFecha) values (23,'Desayuno','Hemeroteca','2023-03-19');
insert into fallaalimentacion (estID,fallAlcgaComida,fallAlLugar,fallAlFecha) values (1,'Desayuno','otro','2023-04-23');
insert into fallaalimentacion (estID,fallAlcgaComida,fallAlLugar,fallAlFecha) values (13,'Almuerzo','Odontología','2023-03-18');
insert into fallaalimentacion (estID,fallAlcgaComida,fallAlLugar,fallAlFecha) values (23,'Almuerzo','Ciencias Humanas','2023-06-17');

insert into actividadcorresp (actCorID,estID,actCorActividad,actCorHoras) values (0,18,'comunitaria',3);
insert into actividadcorresp (actCorID,estID,actCorActividad,actCorHoras) values (1,27,'cultural',8);
insert into actividadcorresp (actCorID,estID,actCorActividad,actCorHoras) values (2,9,'acompañamiento',6);
insert into actividadcorresp (actCorID,estID,actCorActividad,actCorHoras) values (3,24,'académica',6);
insert into actividadcorresp (actCorID,estID,actCorActividad,actCorHoras) values (4,23,'académica',5);
insert into actividadcorresp (actCorID,estID,actCorActividad,actCorHoras) values (5,23,'cultural',3);
insert into actividadcorresp (actCorID,estID,actCorActividad,actCorHoras) values (6,5,'académica',2);
insert into actividadcorresp (actCorID,estID,actCorActividad,actCorHoras) values (7,7,'acompañamiento',5);
insert into actividadcorresp (actCorID,estID,actCorActividad,actCorHoras) values (8,26,'otra',7);
insert into actividadcorresp (actCorID,estID,actCorActividad,actCorHoras) values (9,5,'otra',3);
insert into actividadcorresp (actCorID,estID,actCorActividad,actCorHoras) values (10,5,'comunitaria',2);
insert into actividadcorresp (actCorID,estID,actCorActividad,actCorHoras) values (11,30,'desarrollo institucional',8);
insert into actividadcorresp (actCorID,estID,actCorActividad,actCorHoras) values (12,17,'otra',3);
insert into actividadcorresp (actCorID,estID,actCorActividad,actCorHoras) values (13,2,'desarrollo institucional',3);
insert into actividadcorresp (actCorID,estID,actCorActividad,actCorHoras) values (14,30,'académica',6);
insert into actividadcorresp (actCorID,estID,actCorActividad,actCorHoras) values (15,13,'comunitaria',3);
insert into actividadcorresp (actCorID,estID,actCorActividad,actCorHoras) values (16,26,'deportiva',2);
insert into actividadcorresp (actCorID,estID,actCorActividad,actCorHoras) values (17,25,'comunitaria',4);
insert into actividadcorresp (actCorID,estID,actCorActividad,actCorHoras) values (18,1,'acompañamiento',3);
insert into actividadcorresp (actCorID,estID,actCorActividad,actCorHoras) values (19,24,'acompañamiento',7);

insert into tiendabienestar values (1,'Bogotá','Ciudad Universitaria','08:00:00','17:00:00',1,2);
insert into tiendabienestar values (2,'Bogotá','Feria del libro','10:00:00','19:00:00',3,4);

insert into factura values (1,'2023-05-18','13:00:00','N.A',1,29);
insert into factura values (2,'2023-04-15','13:00:00','N.A',1,3);
insert into factura values (3,'2023-05-11','15:00:00','N.A',2,11);
insert into factura values (4,'2023-05-3','16:00:00','N.A',1,29);
insert into factura values (5,'2023-03-21','18:00:00','N.A',1,9);
insert into factura values (6,'2023-01-6','18:00:00','N.A',1,2);
insert into factura values (7,'2023-06-1','10:00:00','N.A',1,5);
insert into factura values (8,'2023-02-27','11:00:00','N.A',1,3);
insert into factura values (9,'2023-04-10','10:00:00','N.A',2,6);
insert into factura values (10,'2023-02-2','18:00:00','N.A',2,10);
insert into factura values (11,'2023-02-21','10:00:00','N.A',2,14);
insert into factura values (12,'2023-03-23','11:00:00','N.A',2,15);
insert into factura values (13,'2023-02-13','17:00:00','N.A',2,27);
insert into factura values (14,'2023-04-29','13:00:00','N.A',2,10);
insert into factura values (15,'2023-05-21','17:00:00','N.A',1,7);

insert into producto values (1,83000.0,'Producto1');
insert into producto values (2,88000.0,'Producto2');
insert into producto values (3,93000.0,'Producto3');
insert into producto values (4,98000.0,'Producto4');
insert into producto values (5,103000.0,'Producto5');
insert into producto values (6,108000.0,'Producto6');
insert into producto values (7,113000.0,'Producto7');
insert into producto values (8,118000.0,'Producto8');
insert into producto values (9,123000.0,'Producto9');
insert into producto values (10,128000.0,'Producto10');
insert into producto values (11,133000.0,'Producto11');
insert into producto values (12,138000.0,'Producto12');
insert into producto values (13,143000.0,'Producto13');
insert into producto values (14,148000.0,'Producto14');
insert into producto values (15,153000.0,'Producto15');

insert into factura_producto values (4,13);
insert into factura_producto values (8,1);
insert into factura_producto values (3,12);
insert into factura_producto values (9,7);
insert into factura_producto values (7,11);
insert into factura_producto values (15,9);
insert into factura_producto values (7,6);
insert into factura_producto values (10,8);
insert into factura_producto values (4,5);
insert into factura_producto values (3,5);
insert into factura_producto values (6,2);
insert into factura_producto values (13,7);
insert into factura_producto values (4,14);
insert into factura_producto values (3,10);
insert into factura_producto values (6,11);
insert into factura_producto values (6,7);
insert into factura_producto values (13,10);
insert into factura_producto values (15,10);
insert into factura_producto values (2,8);
insert into factura_producto values (1,7);

#------------------------------------------------------------------
#------------------------------------------------------------------