use bienestar;

#Javier
#------------------------------------------------------------------
DELETE FROM persona;
SELECT * FROM persona;
insert into persona (perID,perNombre,perApellido,perDireccion,perBarrio,perCiudad,perTipoVivienda,perLocalidad,perEmail,perEntidadSalud,perFacultad) values (1,'Ana José','Ramírez Mendoza','CL 120 s No. 81-31','Guayabal','Barranquilla','Apartaestudio','Otra','ARamírezM@unal.edu.co','Sura EPS','Medicina');
insert into persona (perID,perNombre,perApellido,perDireccion,perBarrio,perCiudad,perTipoVivienda,perLocalidad,perEmail,perEntidadSalud,perFacultad) values (2,'Gabriela Andrés','Pérez Núñez','KR 125 j No. 43-65','Las Acacias','Barranquilla','Apartaestudio','Engativá','GPérezN@unal.edu.co','Colmedica','Ciencias');
insert into persona (perID,perNombre,perApellido,perDireccion,perBarrio,perCiudad,perTipoVivienda,perLocalidad,perEmail,perEntidadSalud,perFacultad) values (3,'Ricardo Felipe','Sánchez Gómez','TV 72 h No. 43-30','San Antonio','Cartagena','Finca','Usaquén','RSánchezG@unal.edu.co','Colmedica','Ciencias Veterinarias y de Zootecnia');
insert into persona (perID,perNombre,perApellido,perDireccion,perBarrio,perCiudad,perTipoVivienda,perLocalidad,perEmail,perEntidadSalud,perFacultad) values (4,'Miguel Juan','García Romero','AK 117 a No. 48-12','Campo Valdés','Ibagué','Finca','Chapinero','MGarcíaR@unal.edu.co','Nueva EPS','Derecho, Ciencias Políticas y Sociales');
insert into persona (perID,perNombre,perApellido,perDireccion,perBarrio,perCiudad,perTipoVivienda,perLocalidad,perEmail,perEntidadSalud,perFacultad) values (5,'Laura Ricardo','Torres Gómez','CL 20 e No. 82-16','El Rodeo','Ibagué','Casa','Puente Aranda','LTorresG@unal.edu.co','Famisanar','Psicología');
insert into persona (perID,perNombre,perApellido,perDireccion,perBarrio,perCiudad,perTipoVivienda,perLocalidad,perEmail,perEntidadSalud,perFacultad) values (6,'Santiago Ernesto','Ramírez Fernández','AC 104 i No. 58-59','Loma de Los Bernal','Cali','Casa','Teusaquillo','SRamírezF@unal.edu.co','Nueva EPS','Ciencias Agrarias');
insert into persona (perID,perNombre,perApellido,perDireccion,perBarrio,perCiudad,perTipoVivienda,perLocalidad,perEmail,perEntidadSalud,perFacultad) values (7,'Jorge Diego','Álvarez Ruiz','TV 48 o No. 75-48','Santa Cruz','Cali','Apartaestudio','Suba','JÁlvarezR@unal.edu.co','Sanitas','Artes');
insert into persona (perID,perNombre,perApellido,perDireccion,perBarrio,perCiudad,perTipoVivienda,perLocalidad,perEmail,perEntidadSalud,perFacultad) values (8,'Natalia Manuel','Ruiz Jiménez','KR 127 b No. 3-38','El Centro','Cúcuta','Apartaestudio','Teusaquillo','NRuizJ@unal.edu.co','Nueva EPS','Psicología');
insert into persona (perID,perNombre,perApellido,perDireccion,perBarrio,perCiudad,perTipoVivienda,perLocalidad,perEmail,perEntidadSalud,perFacultad) values (9,'Ricardo Andrés','Suárez Pérez','CL 123 f No. 2-85','Manila','Barranquilla','Apartaestudio','Rafael Uribe Uribe','RSuárezP@unal.edu.co','Cafesalud','Ciencias');
insert into persona (perID,perNombre,perApellido,perDireccion,perBarrio,perCiudad,perTipoVivienda,perLocalidad,perEmail,perEntidadSalud,perFacultad) values (10,'Andrés Ernesto','Rojas Martínez','KR 20 t No. 46-45','Las Acacias','Villavicencio','Apartaestudio','Teusaquillo','ARojasM@unal.edu.co','Famisanar','Ingeniería');
insert into persona (perID,perNombre,perApellido,perDireccion,perBarrio,perCiudad,perTipoVivienda,perLocalidad,perEmail,perEntidadSalud,perFacultad) values (11,'Luis Carla','López Díaz','TV 112 b No. 3-81','Envigado','Bucaramanga','Apartaestudio','Bosa','LLópezD@unal.edu.co','Cafesalud','Ciencias Económicas');
insert into persona (perID,perNombre,perApellido,perDireccion,perBarrio,perCiudad,perTipoVivienda,perLocalidad,perEmail,perEntidadSalud,perFacultad) values (12,'Isabel Pedro','López Morales','AK 172 o No. 41-63','El Lido','Cúcuta','Apartamento','La Candelaria','ILópezM@unal.edu.co','Sura EPS','Ciencias Agrarias');
insert into persona (perID,perNombre,perApellido,perDireccion,perBarrio,perCiudad,perTipoVivienda,perLocalidad,perEmail,perEntidadSalud,perFacultad) values (13,'Diego Fernando','Romero Díaz','TV 132 q No. 88-99','El Rodeo','Soacha','Finca','Engativá','DRomeroD@unal.edu.co','Aliansalud','Ciencias');
insert into persona (perID,perNombre,perApellido,perDireccion,perBarrio,perCiudad,perTipoVivienda,perLocalidad,perEmail,perEntidadSalud,perFacultad) values (14,'Manuel Andrea','Silva López','TV 146 t No. 29-4','Barrio Colombia','Cartagena','Casa','Rafael Uribe Uribe','MSilvaL@unal.edu.co','Sanitas','Derecho, Ciencias Políticas y Sociales');
insert into persona (perID,perNombre,perApellido,perDireccion,perBarrio,perCiudad,perTipoVivienda,perLocalidad,perEmail,perEntidadSalud,perFacultad) values (15,'Mónica María','Fernández Martínez','CL 141 p No. 48-86','La Floresta','Villavicencio','Casa','Bosa','MFernándezM@unal.edu.co','SaludTotal','Odontología');
insert into persona (perID,perNombre,perApellido,perDireccion,perBarrio,perCiudad,perTipoVivienda,perLocalidad,perEmail,perEntidadSalud,perFacultad) values (16,'Raúl Santiago','Martínez Suárez','KR 36 g No. 5-66','Bello','Medellín','Apartaestudio','Puente Aranda','RMartínezS@unal.edu.co','Colmedica','Odontología');
insert into persona (perID,perNombre,perApellido,perDireccion,perBarrio,perCiudad,perTipoVivienda,perLocalidad,perEmail,perEntidadSalud,perFacultad) values (17,'Miguel Ricardo','Reyes Martínez','AC 23 i No. 19-80','Itagüí','Cartagena','Apartaestudio','Barrios Unidos','MReyesM@unal.edu.co','Sanitas','Ciencias Agrarias');
insert into persona (perID,perNombre,perApellido,perDireccion,perBarrio,perCiudad,perTipoVivienda,perLocalidad,perEmail,perEntidadSalud,perFacultad) values (18,'Raúl Andrea','Romero Torres','AC 63 r No. 57-23','Bello','Villavicencio','Casa','San Cristóbal','RRomeroT@unal.edu.co','Famisanar','Ciencias Económicas');
insert into persona (perID,perNombre,perApellido,perDireccion,perBarrio,perCiudad,perTipoVivienda,perLocalidad,perEmail,perEntidadSalud,perFacultad) values (19,'Ana Alejandro','Romero Ruiz','AK 160 b No. 42-32','Bello','Villavicencio','Apartaestudio','Ciudad Bolívar','ARomeroR@unal.edu.co','Aliansalud','Ciencias Económicas');
insert into persona (perID,perNombre,perApellido,perDireccion,perBarrio,perCiudad,perTipoVivienda,perLocalidad,perEmail,perEntidadSalud,perFacultad) values (20,'Carlos Pedro','Martínez Flores','TV 167 c No. 10-46','Barrio Colombia','Bogotá','Finca','Engativá','CMartínezF@unal.edu.co','Cafesalud','Psicología');
insert into persona (perID,perNombre,perApellido,perDireccion,perBarrio,perCiudad,perTipoVivienda,perLocalidad,perEmail,perEntidadSalud,perFacultad) values (21,'Gabriela Andrés','Gómez López','AC 133 s No. 52-4','El Pinal','Barranquilla','Casa','Rafael Uribe Uribe','GGómezL@unal.edu.co','Coomeva EPS','Ingeniería');
insert into persona (perID,perNombre,perApellido,perDireccion,perBarrio,perCiudad,perTipoVivienda,perLocalidad,perEmail,perEntidadSalud,perFacultad) values (22,'Mónica Andrés','Romero Rodríguez','KR 50 d No. 19-6','Laureano Gómez','Villavicencio','Finca','Rafael Uribe Uribe','MRomeroR@unal.edu.co','Aliansalud','Ciencias Agrarias');
insert into persona (perID,perNombre,perApellido,perDireccion,perBarrio,perCiudad,perTipoVivienda,perLocalidad,perEmail,perEntidadSalud,perFacultad) values (23,'Jorge Ana','Fernández Núñez','TV 174 s No. 22-36','El Popular','Cali','Apartaestudio','Antonio Nariño','JFernándezN@unal.edu.co','Sura EPS','Medicina');
insert into persona (perID,perNombre,perApellido,perDireccion,perBarrio,perCiudad,perTipoVivienda,perLocalidad,perEmail,perEntidadSalud,perFacultad) values (24,'José Alejandro','Suárez Ramírez','CL 51 j No. 98-1','El Raizal','Medellín','Apartaestudio','Antonio Nariño','JSuárezR@unal.edu.co','EPS Familiar','Ingeniería');
insert into persona (perID,perNombre,perApellido,perDireccion,perBarrio,perCiudad,perTipoVivienda,perLocalidad,perEmail,perEntidadSalud,perFacultad) values (25,'Carlos Mario','Rodríguez Hernández','CL 66 r No. 85-76','La Floresta','Soacha','Apartamento','Usme','CRodríguezH@unal.edu.co','Coomeva EPS','Ingeniería');
insert into persona (perID,perNombre,perApellido,perDireccion,perBarrio,perCiudad,perTipoVivienda,perLocalidad,perEmail,perEntidadSalud,perFacultad) values (26,'Roberto Mario','Ramírez Reyes','KR 71 g No. 13-60','San Diego','Medellín','Finca','La Candelaria','RRamírezR@unal.edu.co','Sura EPS','Ciencias Económicas');
insert into persona (perID,perNombre,perApellido,perDireccion,perBarrio,perCiudad,perTipoVivienda,perLocalidad,perEmail,perEntidadSalud,perFacultad) values (27,'Isabel Isabel','García Cruz','KR 106 c No. 6-99','Belén','Cali','Casa','Usaquén','IGarcíaC@unal.edu.co','Compensar','Odontología');
insert into persona (perID,perNombre,perApellido,perDireccion,perBarrio,perCiudad,perTipoVivienda,perLocalidad,perEmail,perEntidadSalud,perFacultad) values (28,'María Roberto','Romero Gómez','AC 54 f No. 84-9','Envigado','Soacha','Apartaestudio','Rafael Uribe Uribe','MRomeroG@unal.edu.co','EPS Familiar','Odontología');
insert into persona (perID,perNombre,perApellido,perDireccion,perBarrio,perCiudad,perTipoVivienda,perLocalidad,perEmail,perEntidadSalud,perFacultad) values (29,'Carlos Luis','Martínez Cruz','KR 79 l No. 58-2','El Lido','Cúcuta','Apartaestudio','Suba','CMartínezC@unal.edu.co','Cafesalud','Psicología');
insert into persona (perID,perNombre,perApellido,perDireccion,perBarrio,perCiudad,perTipoVivienda,perLocalidad,perEmail,perEntidadSalud,perFacultad) values (30,'Laura Miguel','Fernández Ramírez','AK 90 g No. 1-65','Bello','Ibagué','Finca','Bosa','LFernándezR@unal.edu.co','Cafesalud','Ciencias Agrarias');
insert into persona (perID,perNombre,perApellido,perDireccion,perBarrio,perCiudad,perTipoVivienda,perLocalidad,perEmail,perEntidadSalud,perFacultad) values (31,'Lucía Laura','Castro Romero','TV 105 d No. 47-65','Belén','Bucaramanga','Apartaestudio','Antonio Nariño','LCastroR@unal.edu.co','SaludTotal','Odontología');
insert into persona (perID,perNombre,perApellido,perDireccion,perBarrio,perCiudad,perTipoVivienda,perLocalidad,perEmail,perEntidadSalud,perFacultad) values (32,'Andrés Gabriela','Álvarez González','KR 119 l No. 62-77','San Lucas','Soacha','Apartaestudio','Suba','AÁlvarezG@unal.edu.co','Coomeva EPS','Psicología');
insert into persona (perID,perNombre,perApellido,perDireccion,perBarrio,perCiudad,perTipoVivienda,perLocalidad,perEmail,perEntidadSalud,perFacultad) values (33,'María Isabel','Ruiz Álvarez','CL 82 s No. 63-2','La Avanzada','Cali','Finca','Bosa','MRuizÁ@unal.edu.co','SaludTotal','Ciencias Agrarias');
insert into persona (perID,perNombre,perApellido,perDireccion,perBarrio,perCiudad,perTipoVivienda,perLocalidad,perEmail,perEntidadSalud,perFacultad) values (34,'Isabel Luis','Ortiz Jiménez','AK 76 e No. 36-44','El Lido','Bucaramanga','Finca','Tunjuelito','IOrtizJ@unal.edu.co','Aliansalud','Enfermería');
insert into persona (perID,perNombre,perApellido,perDireccion,perBarrio,perCiudad,perTipoVivienda,perLocalidad,perEmail,perEntidadSalud,perFacultad) values (35,'Ricardo Santiago','López Hernández','TV 35 s No. 49-43','El Raizal','Medellín','Casa','Chapinero','RLópezH@unal.edu.co','Colmedica','Medicina');
insert into persona (perID,perNombre,perApellido,perDireccion,perBarrio,perCiudad,perTipoVivienda,perLocalidad,perEmail,perEntidadSalud,perFacultad) values (36,'Pedro Gabriela','Gómez Flores','KR 16 h No. 47-16','El Popular','Ibagué','Apartamento','Santa Fe','PGómezF@unal.edu.co','SaludTotal','Psicología');
insert into persona (perID,perNombre,perApellido,perDireccion,perBarrio,perCiudad,perTipoVivienda,perLocalidad,perEmail,perEntidadSalud,perFacultad) values (37,'Roberto Lucía','Suárez Hernández','TV 171 a No. 78-2','El Rodeo','Bucaramanga','Apartaestudio','Usme','RSuárezH@unal.edu.co','Cafesalud','Psicología');
insert into persona (perID,perNombre,perApellido,perDireccion,perBarrio,perCiudad,perTipoVivienda,perLocalidad,perEmail,perEntidadSalud,perFacultad) values (38,'Alejandro Felipe','Núñez González','KR 63 f No. 21-9','La Pradera','Soacha','Apartamento','Ciudad Bolívar','ANúñezG@unal.edu.co','Famisanar','Derecho, Ciencias Políticas y Sociales');
insert into persona (perID,perNombre,perApellido,perDireccion,perBarrio,perCiudad,perTipoVivienda,perLocalidad,perEmail,perEntidadSalud,perFacultad) values (39,'José Luis','Flores Chávez','AC 180 s No. 17-60','El Tesoro','Medellín','Apartamento','Chapinero','JFloresC@unal.edu.co','Famisanar','Odontología');
insert into persona (perID,perNombre,perApellido,perDireccion,perBarrio,perCiudad,perTipoVivienda,perLocalidad,perEmail,perEntidadSalud,perFacultad) values (40,'Juan Diego','Pérez Mendoza','AK 90 h No. 53-39','La Candelaria','Ibagué','Apartaestudio','La Candelaria','JPérezM@unal.edu.co','Famisanar','Medicina');
insert into persona (perID,perNombre,perApellido,perDireccion,perBarrio,perCiudad,perTipoVivienda,perLocalidad,perEmail,perEntidadSalud,perFacultad) values (41,'José Manuel','Ortiz Hernández','AK 111 t No. 82-99','Santa Cruz','Ibagué','Apartamento','Barrios Unidos','JOrtizH@unal.edu.co','Sura EPS','Ciencias Agrarias');
insert into persona (perID,perNombre,perApellido,perDireccion,perBarrio,perCiudad,perTipoVivienda,perLocalidad,perEmail,perEntidadSalud,perFacultad) values (42,'Roberto Alejandro','Vargas Ramírez','KR 160 h No. 98-76','El Poblado','Villavicencio','Apartaestudio','Rafael Uribe Uribe','RVargasR@unal.edu.co','Nueva EPS','Enfermería');
insert into persona (perID,perNombre,perApellido,perDireccion,perBarrio,perCiudad,perTipoVivienda,perLocalidad,perEmail,perEntidadSalud,perFacultad) values (43,'Raúl Carla','Mendoza Fernández','AC 154 e No. 31-83','San Diego','Cali','Finca','Ciudad Bolívar','RMendozaF@unal.edu.co','Coomeva EPS','Ciencias Veterinarias y de Zootecnia');
insert into persona (perID,perNombre,perApellido,perDireccion,perBarrio,perCiudad,perTipoVivienda,perLocalidad,perEmail,perEntidadSalud,perFacultad) values (44,'Diego José','Flores Hernández','KR 37 o No. 42-70','San Lucas','Cúcuta','Casa','Chapinero','DFloresH@unal.edu.co','Sura EPS','Ciencias Agrarias');
insert into persona (perID,perNombre,perApellido,perDireccion,perBarrio,perCiudad,perTipoVivienda,perLocalidad,perEmail,perEntidadSalud,perFacultad) values (45,'Carla Pedro','Castro Suárez','TV 44 r No. 4-43','San Joaquín','Cartagena','Apartamento','Santa Fe','CCastroS@unal.edu.co','Colmedica','Ingeniería');
insert into persona (perID,perNombre,perApellido,perDireccion,perBarrio,perCiudad,perTipoVivienda,perLocalidad,perEmail,perEntidadSalud,perFacultad) values (46,'Ana Lucía','Vargas García','CL 144 a No. 91-74','La América','Bucaramanga','Finca','Kennedy','AVargasG@unal.edu.co','Sura EPS','Ciencias Humanas');
insert into persona (perID,perNombre,perApellido,perDireccion,perBarrio,perCiudad,perTipoVivienda,perLocalidad,perEmail,perEntidadSalud,perFacultad) values (47,'Jorge Manuel','Gómez García','TV 180 g No. 81-41','Moravia','Cartagena','Casa','Santa Fe','JGómezG@unal.edu.co','Sura EPS','Ciencias Humanas');
insert into persona (perID,perNombre,perApellido,perDireccion,perBarrio,perCiudad,perTipoVivienda,perLocalidad,perEmail,perEntidadSalud,perFacultad) values (48,'Andrés Alejandro','Ramírez Silva','CL 4 m No. 98-45','La Castellana','Medellín','Apartamento','Barrios Unidos','ARamírezS@unal.edu.co','Famisanar','Ciencias Veterinarias y de Zootecnia');
insert into persona (perID,perNombre,perApellido,perDireccion,perBarrio,perCiudad,perTipoVivienda,perLocalidad,perEmail,perEntidadSalud,perFacultad) values (49,'Jorge Luis','Chávez Flores','CL 23 k No. 45-91','Castilla','Cúcuta','Apartaestudio','Engativá','JChávezF@unal.edu.co','Aliansalud','Artes');
insert into persona (perID,perNombre,perApellido,perDireccion,perBarrio,perCiudad,perTipoVivienda,perLocalidad,perEmail,perEntidadSalud,perFacultad) values (50,'Mónica Mónica','Pérez Morales','AK 171 b No. 40-47','La Mota','Cúcuta','Apartamento','Kennedy','MPérezM@unal.edu.co','Cafesalud','Enfermería');
insert into persona (perID,perNombre,perApellido,perDireccion,perBarrio,perCiudad,perTipoVivienda,perLocalidad,perEmail,perEntidadSalud,perFacultad) values (51,'Andrea Ricardo','Silva Sánchez','AK 134 q No. 41-49','Aranjuez','Barranquilla','Casa','Fontibón','ASilvaS@unal.edu.co','EPS Familiar','Derecho, Ciencias Políticas y Sociales');
insert into persona (perID,perNombre,perApellido,perDireccion,perBarrio,perCiudad,perTipoVivienda,perLocalidad,perEmail,perEntidadSalud,perFacultad) values (52,'Diego Gabriela','Sánchez Mendoza','KR 68 l No. 21-70','Belén','Soacha','Apartamento','Teusaquillo','DSánchezM@unal.edu.co','Coomeva EPS','Ciencias Humanas');
insert into persona (perID,perNombre,perApellido,perDireccion,perBarrio,perCiudad,perTipoVivienda,perLocalidad,perEmail,perEntidadSalud,perFacultad) values (53,'Mario Manuel','González Vargas','CL 132 k No. 45-94','El Rodeo','Soacha','Finca','Usaquén','MGonzálezV@unal.edu.co','Sura EPS','Ciencias Agrarias');
insert into persona (perID,perNombre,perApellido,perDireccion,perBarrio,perCiudad,perTipoVivienda,perLocalidad,perEmail,perEntidadSalud,perFacultad) values (54,'Luis Raúl','Pérez Silva','TV 130 o No. 59-89','Las Acacias','Ibagué','Finca','Kennedy','LPérezS@unal.edu.co','Sura EPS','Ciencias Humanas');
insert into persona (perID,perNombre,perApellido,perDireccion,perBarrio,perCiudad,perTipoVivienda,perLocalidad,perEmail,perEntidadSalud,perFacultad) values (55,'Isabel Felipe','García González','KR 118 o No. 23-32','Laureano Gómez','Bogotá','Apartaestudio','Otra','IGarcíaG@unal.edu.co','Colmedica','Ciencias Humanas');
insert into persona (perID,perNombre,perApellido,perDireccion,perBarrio,perCiudad,perTipoVivienda,perLocalidad,perEmail,perEntidadSalud,perFacultad) values (56,'Mónica Mónica','Jiménez Castro','AK 54 i No. 3-36','Envigado','Cali','Apartamento','Kennedy','MJiménezC@unal.edu.co','Coomeva EPS','Artes');
insert into persona (perID,perNombre,perApellido,perDireccion,perBarrio,perCiudad,perTipoVivienda,perLocalidad,perEmail,perEntidadSalud,perFacultad) values (57,'Ana Gabriela','Silva Mendoza','AC 145 k No. 77-33','La Castellana','Soacha','Apartamento','Usaquén','ASilvaM@unal.edu.co','Cafesalud','Ciencias Humanas');
insert into persona (perID,perNombre,perApellido,perDireccion,perBarrio,perCiudad,perTipoVivienda,perLocalidad,perEmail,perEntidadSalud,perFacultad) values (58,'Natalia Mario','Díaz Pérez','AK 15 n No. 76-16','Aranjuez','Ibagué','Finca','Santa Fe','NDíazP@unal.edu.co','Famisanar','Ciencias Económicas');
insert into persona (perID,perNombre,perApellido,perDireccion,perBarrio,perCiudad,perTipoVivienda,perLocalidad,perEmail,perEntidadSalud,perFacultad) values (59,'Raúl Felipe','Pérez Cruz','AC 67 p No. 89-5','Envigado','Medellín','Finca','Usaquén','RPérezC@unal.edu.co','Famisanar','Medicina');
insert into persona (perID,perNombre,perApellido,perDireccion,perBarrio,perCiudad,perTipoVivienda,perLocalidad,perEmail,perEntidadSalud,perFacultad) values (60,'Ana Gabriela','Flores López','AC 134 l No. 84-17','El Centro','Cúcuta','Apartaestudio','Rafael Uribe Uribe','AFloresL@unal.edu.co','EPS Familiar','Ciencias Humanas');
insert into persona (perID,perNombre,perApellido,perDireccion,perBarrio,perCiudad,perTipoVivienda,perLocalidad,perEmail,perEntidadSalud,perFacultad) values (61,'Felipe Mario','González Chávez','KR 178 l No. 6-51','La Castellana','Cartagena','Finca','Usaquén','FGonzálezC@unal.edu.co','Colmedica','Ingeniería');
insert into persona (perID,perNombre,perApellido,perDireccion,perBarrio,perCiudad,perTipoVivienda,perLocalidad,perEmail,perEntidadSalud,perFacultad) values (62,'Natalia Diego','Rojas Ortiz','AC 118 q No. 41-22','Laureano Gómez','Villavicencio','Finca','San Cristóbal','NRojasO@unal.edu.co','Sura EPS','Ciencias Veterinarias y de Zootecnia');
insert into persona (perID,perNombre,perApellido,perDireccion,perBarrio,perCiudad,perTipoVivienda,perLocalidad,perEmail,perEntidadSalud,perFacultad) values (63,'Pedro Santiago','Pérez Mendoza','KR 134 k No. 7-2','San Lucas','Medellín','Finca','San Cristóbal','PPérezM@unal.edu.co','Cafesalud','Ciencias Económicas');
insert into persona (perID,perNombre,perApellido,perDireccion,perBarrio,perCiudad,perTipoVivienda,perLocalidad,perEmail,perEntidadSalud,perFacultad) values (64,'Jorge Ricardo','García Morales','AK 26 q No. 4-32','La América','Villavicencio','Casa','Ciudad Bolívar','JGarcíaM@unal.edu.co','Sura EPS','Ciencias Económicas');
insert into persona (perID,perNombre,perApellido,perDireccion,perBarrio,perCiudad,perTipoVivienda,perLocalidad,perEmail,perEntidadSalud,perFacultad) values (65,'Roberto Andrés','Suárez Ramírez','AC 111 r No. 18-98','Guayabal','Bucaramanga','Apartaestudio','Chapinero','RSuárezR@unal.edu.co','Nueva EPS','Psicología');
insert into persona (perID,perNombre,perApellido,perDireccion,perBarrio,perCiudad,perTipoVivienda,perLocalidad,perEmail,perEntidadSalud,perFacultad) values (66,'María Jorge','Ruiz Díaz','CL 25 k No. 52-2','Los Colores','Cali','Apartaestudio','San Cristóbal','MRuizD@unal.edu.co','Sura EPS','Enfermería');
insert into persona (perID,perNombre,perApellido,perDireccion,perBarrio,perCiudad,perTipoVivienda,perLocalidad,perEmail,perEntidadSalud,perFacultad) values (67,'Jorge Natalia','Rojas Mendoza','AK 130 k No. 49-31','Moravia','Cartagena','Apartaestudio','Suba','JRojasM@unal.edu.co','Sura EPS','Ingeniería');
insert into persona (perID,perNombre,perApellido,perDireccion,perBarrio,perCiudad,perTipoVivienda,perLocalidad,perEmail,perEntidadSalud,perFacultad) values (68,'Gustavo Manuel','Silva García','AC 86 j No. 2-55','El Pinal','Bogotá','Apartaestudio','Otra','GSilvaG@unal.edu.co','Nueva EPS','Psicología');
insert into persona (perID,perNombre,perApellido,perDireccion,perBarrio,perCiudad,perTipoVivienda,perLocalidad,perEmail,perEntidadSalud,perFacultad) values (69,'Laura Juan','Vargas Jiménez','AC 143 l No. 25-11','Laureles','Ibagué','Finca','Tunjuelito','LVargasJ@unal.edu.co','Colmedica','Ingeniería');
insert into persona (perID,perNombre,perApellido,perDireccion,perBarrio,perCiudad,perTipoVivienda,perLocalidad,perEmail,perEntidadSalud,perFacultad) values (70,'Raúl Mónica','Rodríguez Ruiz','AC 128 c No. 8-14','Guayabal','Barranquilla','Casa','La Candelaria','RRodríguezR@unal.edu.co','Coomeva EPS','Ciencias Veterinarias y de Zootecnia');
insert into persona (perID,perNombre,perApellido,perDireccion,perBarrio,perCiudad,perTipoVivienda,perLocalidad,perEmail,perEntidadSalud,perFacultad) values (71,'Laura Jorge','Díaz Rodríguez','TV 127 l No. 73-83','La Candelaria','Cali','Apartamento','Ciudad Bolívar','LDíazR@unal.edu.co','SaludTotal','Ciencias Económicas');
insert into persona (perID,perNombre,perApellido,perDireccion,perBarrio,perCiudad,perTipoVivienda,perLocalidad,perEmail,perEntidadSalud,perFacultad) values (72,'Roberto Santiago','Ruiz García','AK 51 i No. 96-57','San Antonio','Cúcuta','Casa','San Cristóbal','RRuizG@unal.edu.co','Colmedica','Medicina');
insert into persona (perID,perNombre,perApellido,perDireccion,perBarrio,perCiudad,perTipoVivienda,perLocalidad,perEmail,perEntidadSalud,perFacultad) values (73,'Gustavo Felipe','Hernández Vargas','KR 27 l No. 8-60','Cristo Rey','Villavicencio','Apartaestudio','Engativá','GHernándezV@unal.edu.co','SaludTotal','Psicología');
insert into persona (perID,perNombre,perApellido,perDireccion,perBarrio,perCiudad,perTipoVivienda,perLocalidad,perEmail,perEntidadSalud,perFacultad) values (74,'Luis Carla','López Álvarez','KR 69 d No. 76-32','La Aguacatala','Villavicencio','Casa','Ciudad Bolívar','LLópezÁ@unal.edu.co','Compensar','Medicina');
insert into persona (perID,perNombre,perApellido,perDireccion,perBarrio,perCiudad,perTipoVivienda,perLocalidad,perEmail,perEntidadSalud,perFacultad) values (75,'Andrea José','García Suárez','CL 126 q No. 7-62','Estadio','Bucaramanga','Apartamento','Los Mártires','AGarcíaS@unal.edu.co','SaludTotal','Psicología');
insert into persona (perID,perNombre,perApellido,perDireccion,perBarrio,perCiudad,perTipoVivienda,perLocalidad,perEmail,perEntidadSalud,perFacultad) values (76,'Jorge Andrea','Flores Castro','CL 43 s No. 1-67','Aranjuez','Cartagena','Finca','Antonio Nariño','JFloresC@unal.edu.co','EPS Familiar','Ciencias Económicas');
insert into persona (perID,perNombre,perApellido,perDireccion,perBarrio,perCiudad,perTipoVivienda,perLocalidad,perEmail,perEntidadSalud,perFacultad) values (77,'Jorge Andrea','Morales Fernández','KR 141 b No. 50-77','El Tesoro','Soacha','Finca','Puente Aranda','JMoralesF@unal.edu.co','Sanitas','Ciencias');
insert into persona (perID,perNombre,perApellido,perDireccion,perBarrio,perCiudad,perTipoVivienda,perLocalidad,perEmail,perEntidadSalud,perFacultad) values (78,'Alejandro Luis','Díaz Morales','AC 22 g No. 47-2','Barrio Colombia','Cúcuta','Apartamento','Suba','ADíazM@unal.edu.co','SaludTotal','Ciencias Agrarias');
insert into persona (perID,perNombre,perApellido,perDireccion,perBarrio,perCiudad,perTipoVivienda,perLocalidad,perEmail,perEntidadSalud,perFacultad) values (79,'Andrea Natalia','Pérez Jiménez','CL 107 b No. 3-8','El Poblado','Villavicencio','Apartamento','Teusaquillo','APérezJ@unal.edu.co','Compensar','Psicología');
insert into persona (perID,perNombre,perApellido,perDireccion,perBarrio,perCiudad,perTipoVivienda,perLocalidad,perEmail,perEntidadSalud,perFacultad) values (80,'María María','Rojas Fernández','AK 105 c No. 69-86','La Castellana','Barranquilla','Casa','Suba','MRojasF@unal.edu.co','Famisanar','Ciencias');
insert into persona (perID,perNombre,perApellido,perDireccion,perBarrio,perCiudad,perTipoVivienda,perLocalidad,perEmail,perEntidadSalud,perFacultad) values (81,'Felipe Gabriela','Sánchez Martínez','TV 180 f No. 92-21','Estadio','Barranquilla','Apartamento','Engativá','FSánchezM@unal.edu.co','SaludTotal','Odontología');
insert into persona (perID,perNombre,perApellido,perDireccion,perBarrio,perCiudad,perTipoVivienda,perLocalidad,perEmail,perEntidadSalud,perFacultad) values (82,'Alejandro Alejandro','Gómez Jiménez','AC 164 a No. 44-30','La América','Medellín','Casa','Engativá','AGómezJ@unal.edu.co','Nueva EPS','Ciencias Humanas');
insert into persona (perID,perNombre,perApellido,perDireccion,perBarrio,perCiudad,perTipoVivienda,perLocalidad,perEmail,perEntidadSalud,perFacultad) values (83,'Alejandro Roberto','Hernández Álvarez','KR 174 l No. 91-90','Bello','Medellín','Finca','Usme','AHernándezÁ@unal.edu.co','EPS Familiar','Derecho, Ciencias Políticas y Sociales');
insert into persona (perID,perNombre,perApellido,perDireccion,perBarrio,perCiudad,perTipoVivienda,perLocalidad,perEmail,perEntidadSalud,perFacultad) values (84,'Laura Carlos','Suárez Ruiz','TV 153 s No. 12-13','La Floresta','Bucaramanga','Apartaestudio','Chapinero','LSuárezR@unal.edu.co','Aliansalud','Ciencias Veterinarias y de Zootecnia');
insert into persona (perID,perNombre,perApellido,perDireccion,perBarrio,perCiudad,perTipoVivienda,perLocalidad,perEmail,perEntidadSalud,perFacultad) values (85,'Andrés Ana','Núñez Morales','TV 173 k No. 43-69','Campo Valdés','Cartagena','Apartamento','Suba','ANúñezM@unal.edu.co','Aliansalud','Enfermería');
insert into persona (perID,perNombre,perApellido,perDireccion,perBarrio,perCiudad,perTipoVivienda,perLocalidad,perEmail,perEntidadSalud,perFacultad) values (86,'Mónica Fernando','Hernández Silva','AK 91 o No. 1-86','El Poblado','Bucaramanga','Apartaestudio','Tunjuelito','MHernándezS@unal.edu.co','Coomeva EPS','Ciencias Veterinarias y de Zootecnia');
insert into persona (perID,perNombre,perApellido,perDireccion,perBarrio,perCiudad,perTipoVivienda,perLocalidad,perEmail,perEntidadSalud,perFacultad) values (87,'Fernando Natalia','Núñez Díaz','TV 67 i No. 38-9','Manrique','Cali','Apartaestudio','Kennedy','FNúñezD@unal.edu.co','Compensar','Derecho, Ciencias Políticas y Sociales');
insert into persona (perID,perNombre,perApellido,perDireccion,perBarrio,perCiudad,perTipoVivienda,perLocalidad,perEmail,perEntidadSalud,perFacultad) values (88,'Natalia Ricardo','Sánchez Ramírez','AC 1 g No. 97-19','El Chagualo','Soacha','Apartamento','Kennedy','NSánchezR@unal.edu.co','Cafesalud','Ciencias Humanas');
insert into persona (perID,perNombre,perApellido,perDireccion,perBarrio,perCiudad,perTipoVivienda,perLocalidad,perEmail,perEntidadSalud,perFacultad) values (89,'Miguel Luis','Torres Pérez','TV 121 a No. 56-33','Laureles','Medellín','Apartamento','Usaquén','MTorresP@unal.edu.co','Nueva EPS','Ciencias Agrarias');
insert into persona (perID,perNombre,perApellido,perDireccion,perBarrio,perCiudad,perTipoVivienda,perLocalidad,perEmail,perEntidadSalud,perFacultad) values (90,'Jorge Manuel','Ruiz Morales','AK 4 i No. 27-19','El Rodeo','Soacha','Apartamento','Otra','JRuizM@unal.edu.co','SaludTotal','Ciencias Agrarias');
insert into persona (perID,perNombre,perApellido,perDireccion,perBarrio,perCiudad,perTipoVivienda,perLocalidad,perEmail,perEntidadSalud,perFacultad) values (91,'Miguel Roberto','Díaz García','CL 74 i No. 5-78','Laureano Gómez','Ibagué','Casa','Teusaquillo','MDíazG@unal.edu.co','Aliansalud','Enfermería');
insert into persona (perID,perNombre,perApellido,perDireccion,perBarrio,perCiudad,perTipoVivienda,perLocalidad,perEmail,perEntidadSalud,perFacultad) values (92,'Luis Mario','Fernández Castro','CL 30 l No. 34-5','Itagüí','Bogotá','Apartaestudio','La Candelaria','LFernándezC@unal.edu.co','Compensar','Psicología');
insert into persona (perID,perNombre,perApellido,perDireccion,perBarrio,perCiudad,perTipoVivienda,perLocalidad,perEmail,perEntidadSalud,perFacultad) values (93,'Miguel Ernesto','Martínez Romero','KR 110 k No. 20-35','La Flora','Barranquilla','Casa','Suba','MMartínezR@unal.edu.co','Cafesalud','Artes');
insert into persona (perID,perNombre,perApellido,perDireccion,perBarrio,perCiudad,perTipoVivienda,perLocalidad,perEmail,perEntidadSalud,perFacultad) values (94,'Isabel Lucía','Ramírez Castro','AC 104 p No. 92-76','La Pradera','Cúcuta','Apartaestudio','San Cristóbal','IRamírezC@unal.edu.co','Coomeva EPS','Derecho, Ciencias Políticas y Sociales');
insert into persona (perID,perNombre,perApellido,perDireccion,perBarrio,perCiudad,perTipoVivienda,perLocalidad,perEmail,perEntidadSalud,perFacultad) values (95,'José Ricardo','Álvarez Pérez','KR 81 c No. 33-22','Itagüí','Soacha','Apartamento','Antonio Nariño','JÁlvarezP@unal.edu.co','Sanitas','Ciencias');
insert into persona (perID,perNombre,perApellido,perDireccion,perBarrio,perCiudad,perTipoVivienda,perLocalidad,perEmail,perEntidadSalud,perFacultad) values (96,'Ana Ernesto','Torres Hernández','CL 176 c No. 44-38','Itagüí','Cúcuta','Casa','Kennedy','ATorresH@unal.edu.co','Nueva EPS','Medicina');
insert into persona (perID,perNombre,perApellido,perDireccion,perBarrio,perCiudad,perTipoVivienda,perLocalidad,perEmail,perEntidadSalud,perFacultad) values (97,'Laura Alejandro','Álvarez Pérez','KR 114 k No. 30-70','San Lucas','Bogotá','Apartaestudio','Barrios Unidos','LÁlvarezP@unal.edu.co','Sanitas','Ciencias Veterinarias y de Zootecnia');
insert into persona (perID,perNombre,perApellido,perDireccion,perBarrio,perCiudad,perTipoVivienda,perLocalidad,perEmail,perEntidadSalud,perFacultad) values (98,'Santiago Manuel','Ramírez Sánchez','CL 64 r No. 89-42','San Lucas','Barranquilla','Apartamento','Tunjuelito','SRamírezS@unal.edu.co','Famisanar','Odontología');
insert into persona (perID,perNombre,perApellido,perDireccion,perBarrio,perCiudad,perTipoVivienda,perLocalidad,perEmail,perEntidadSalud,perFacultad) values (99,'Gustavo Luis','Rojas Suárez','TV 88 r No. 73-81','Estadio','Villavicencio','Finca','Santa Fe','GRojasS@unal.edu.co','Colmedica','Ciencias Veterinarias y de Zootecnia');
insert into persona (perID,perNombre,perApellido,perDireccion,perBarrio,perCiudad,perTipoVivienda,perLocalidad,perEmail,perEntidadSalud,perFacultad) values (100,'Fernando Laura','Suárez Suárez','AC 110 k No. 60-90','El Pinal','Soacha','Finca','Bosa','FSuárezS@unal.edu.co','Sura EPS','Enfermería');
insert into persona (perID,perNombre,perApellido,perDireccion,perBarrio,perCiudad,perTipoVivienda,perLocalidad,perEmail,perEntidadSalud,perFacultad) values (101,'Roberto Luis','Sánchez Álvarez','CL 105 t No. 60-70','La Candelaria','Cartagena','Apartamento','Ciudad Bolívar','RSánchezÁ@unal.edu.co','Compensar','Ciencias Agrarias');
insert into persona (perID,perNombre,perApellido,perDireccion,perBarrio,perCiudad,perTipoVivienda,perLocalidad,perEmail,perEntidadSalud,perFacultad) values (102,'Gabriela Ricardo','Morales Ortiz','CL 160 p No. 21-27','El Popular','Soacha','Apartamento','Rafael Uribe Uribe','GMoralesO@unal.edu.co','Cafesalud','Artes');
insert into persona (perID,perNombre,perApellido,perDireccion,perBarrio,perCiudad,perTipoVivienda,perLocalidad,perEmail,perEntidadSalud,perFacultad) values (103,'Isabel Juan','Vargas Silva','TV 73 m No. 81-81','Robledo','Bogotá','Apartamento','Fontibón','IVargasS@unal.edu.co','Cafesalud','Odontología');
insert into persona (perID,perNombre,perApellido,perDireccion,perBarrio,perCiudad,perTipoVivienda,perLocalidad,perEmail,perEntidadSalud,perFacultad) values (104,'María Jorge','Ramírez Rodríguez','TV 41 n No. 50-14','Castilla','Cartagena','Casa','La Candelaria','MRamírezR@unal.edu.co','Coomeva EPS','Ciencias Agrarias');
insert into persona (perID,perNombre,perApellido,perDireccion,perBarrio,perCiudad,perTipoVivienda,perLocalidad,perEmail,perEntidadSalud,perFacultad) values (105,'Jorge Miguel','Fernández Hernández','AK 161 a No. 65-78','La Avanzada','Barranquilla','Apartamento','Bosa','JFernándezH@unal.edu.co','SaludTotal','Enfermería');
insert into persona (perID,perNombre,perApellido,perDireccion,perBarrio,perCiudad,perTipoVivienda,perLocalidad,perEmail,perEntidadSalud,perFacultad) values (106,'Manuel María','Álvarez Jiménez','AC 12 j No. 11-32','Manila','Bucaramanga','Casa','Puente Aranda','MÁlvarezJ@unal.edu.co','Aliansalud','Ciencias Humanas');
insert into persona (perID,perNombre,perApellido,perDireccion,perBarrio,perCiudad,perTipoVivienda,perLocalidad,perEmail,perEntidadSalud,perFacultad) values (107,'Alejandro María','Castro Díaz','CL 61 t No. 68-73','Belén','Bogotá','Apartaestudio','La Candelaria','ACastroD@unal.edu.co','SaludTotal','Ciencias Humanas');
insert into persona (perID,perNombre,perApellido,perDireccion,perBarrio,perCiudad,perTipoVivienda,perLocalidad,perEmail,perEntidadSalud,perFacultad) values (108,'Gustavo Lucía','Pérez Reyes','CL 49 d No. 3-35','El Raizal','Barranquilla','Casa','Antonio Nariño','GPérezR@unal.edu.co','Colmedica','Ingeniería');
insert into persona (perID,perNombre,perApellido,perDireccion,perBarrio,perCiudad,perTipoVivienda,perLocalidad,perEmail,perEntidadSalud,perFacultad) values (109,'Alejandro Raúl','García González','AC 87 j No. 89-94','La Flora','Bogotá','Casa','Los Mártires','AGarcíaG@unal.edu.co','Nueva EPS','Ingeniería');
insert into persona (perID,perNombre,perApellido,perDireccion,perBarrio,perCiudad,perTipoVivienda,perLocalidad,perEmail,perEntidadSalud,perFacultad) values (110,'Raúl Ana','Torres Ramírez','AC 16 c No. 23-48','Doce de Octubre','Ibagué','Apartaestudio','Puente Aranda','RTorresR@unal.edu.co','SaludTotal','Odontología');
insert into persona (perID,perNombre,perApellido,perDireccion,perBarrio,perCiudad,perTipoVivienda,perLocalidad,perEmail,perEntidadSalud,perFacultad) values (111,'Alejandro Carla','Suárez Núñez','KR 131 a No. 82-19','El Pinal','Cali','Casa','Ciudad Bolívar','ASuárezN@unal.edu.co','SaludTotal','Artes');
insert into persona (perID,perNombre,perApellido,perDireccion,perBarrio,perCiudad,perTipoVivienda,perLocalidad,perEmail,perEntidadSalud,perFacultad) values (112,'Raúl Luis','Vargas Ramírez','AC 36 n No. 21-80','Manila','Cali','Apartaestudio','Usaquén','RVargasR@unal.edu.co','Compensar','Artes');
insert into persona (perID,perNombre,perApellido,perDireccion,perBarrio,perCiudad,perTipoVivienda,perLocalidad,perEmail,perEntidadSalud,perFacultad) values (113,'Mario Roberto','Díaz Jiménez','AK 58 j No. 67-73','San Diego','Cúcuta','Apartamento','Ciudad Bolívar','MDíazJ@unal.edu.co','Colmedica','Enfermería');
insert into persona (perID,perNombre,perApellido,perDireccion,perBarrio,perCiudad,perTipoVivienda,perLocalidad,perEmail,perEntidadSalud,perFacultad) values (114,'Fernando Ernesto','Rojas Silva','KR 148 e No. 2-48','El Chagualo','Bucaramanga','Casa','Usaquén','FRojasS@unal.edu.co','Colmedica','Ciencias Humanas');
insert into persona (perID,perNombre,perApellido,perDireccion,perBarrio,perCiudad,perTipoVivienda,perLocalidad,perEmail,perEntidadSalud,perFacultad) values (115,'Gustavo Mónica','Martínez Suárez','KR 80 g No. 32-73','El Salado','Bucaramanga','Casa','Antonio Nariño','GMartínezS@unal.edu.co','EPS Familiar','Psicología');
insert into persona (perID,perNombre,perApellido,perDireccion,perBarrio,perCiudad,perTipoVivienda,perLocalidad,perEmail,perEntidadSalud,perFacultad) values (116,'Ricardo Mario','García Álvarez','AK 123 d No. 27-81','La América','Barranquilla','Apartaestudio','Teusaquillo','RGarcíaÁ@unal.edu.co','Famisanar','Ciencias Humanas');
insert into persona (perID,perNombre,perApellido,perDireccion,perBarrio,perCiudad,perTipoVivienda,perLocalidad,perEmail,perEntidadSalud,perFacultad) values (117,'Raúl Isabel','Hernández López','KR 61 p No. 10-79','La Castellana','Ibagué','Casa','Los Mártires','RHernándezL@unal.edu.co','SaludTotal','Ciencias Veterinarias y de Zootecnia');
insert into persona (perID,perNombre,perApellido,perDireccion,perBarrio,perCiudad,perTipoVivienda,perLocalidad,perEmail,perEntidadSalud,perFacultad) values (118,'Carlos Raúl','Gómez Cruz','TV 59 e No. 98-19','Los Colores','Medellín','Apartaestudio','Tunjuelito','CGómezC@unal.edu.co','Colmedica','Ingeniería');
insert into persona (perID,perNombre,perApellido,perDireccion,perBarrio,perCiudad,perTipoVivienda,perLocalidad,perEmail,perEntidadSalud,perFacultad) values (119,'Alejandro Natalia','Silva Silva','CL 61 s No. 6-4','La Candelaria','Villavicencio','Apartamento','Ciudad Bolívar','ASilvaS@unal.edu.co','Cafesalud','Ciencias');
insert into persona (perID,perNombre,perApellido,perDireccion,perBarrio,perCiudad,perTipoVivienda,perLocalidad,perEmail,perEntidadSalud,perFacultad) values (120,'Andrea Lucía','Rojas Romero','AC 55 l No. 86-25','Doce de Octubre','Barranquilla','Apartaestudio','Tunjuelito','ARojasR@unal.edu.co','SaludTotal','Ciencias Agrarias');
insert into persona (perID,perNombre,perApellido,perDireccion,perBarrio,perCiudad,perTipoVivienda,perLocalidad,perEmail,perEntidadSalud,perFacultad) values (121,'Ernesto Ernesto','García Hernández','AC 112 b No. 41-24','Itagüí','Ibagué','Finca','Tunjuelito','EGarcíaH@unal.edu.co','Cafesalud','Ciencias Económicas');
insert into persona (perID,perNombre,perApellido,perDireccion,perBarrio,perCiudad,perTipoVivienda,perLocalidad,perEmail,perEntidadSalud,perFacultad) values (122,'Alejandro Ricardo','García Ramírez','AK 159 i No. 15-54','La Estrella','Cartagena','Apartamento','Rafael Uribe Uribe','AGarcíaR@unal.edu.co','Nueva EPS','Ciencias');
insert into persona (perID,perNombre,perApellido,perDireccion,perBarrio,perCiudad,perTipoVivienda,perLocalidad,perEmail,perEntidadSalud,perFacultad) values (123,'Natalia María','Rodríguez Ramírez','TV 132 a No. 73-39','El Tesoro','Villavicencio','Apartaestudio','Ciudad Bolívar','NRodríguezR@unal.edu.co','Famisanar','Derecho, Ciencias Políticas y Sociales');
insert into persona (perID,perNombre,perApellido,perDireccion,perBarrio,perCiudad,perTipoVivienda,perLocalidad,perEmail,perEntidadSalud,perFacultad) values (124,'Carla Andrea','Flores Chávez','AK 44 e No. 76-81','San Lucas','Bogotá','Casa','Suba','CFloresC@unal.edu.co','Sura EPS','Medicina');
insert into persona (perID,perNombre,perApellido,perDireccion,perBarrio,perCiudad,perTipoVivienda,perLocalidad,perEmail,perEntidadSalud,perFacultad) values (125,'María Manuel','Pérez Díaz','AC 150 r No. 8-92','San Diego','Ibagué','Casa','Rafael Uribe Uribe','MPérezD@unal.edu.co','Cafesalud','Derecho, Ciencias Políticas y Sociales');
insert into persona (perID,perNombre,perApellido,perDireccion,perBarrio,perCiudad,perTipoVivienda,perLocalidad,perEmail,perEntidadSalud,perFacultad) values (126,'José Fernando','Cruz Cruz','CL 29 h No. 54-99','Manila','Medellín','Apartamento','Usme','JCruzC@unal.edu.co','Colmedica','Enfermería');
insert into persona (perID,perNombre,perApellido,perDireccion,perBarrio,perCiudad,perTipoVivienda,perLocalidad,perEmail,perEntidadSalud,perFacultad) values (127,'Ernesto Laura','Silva Romero','CL 61 o No. 66-70','Manila','Villavicencio','Casa','Usme','ESilvaR@unal.edu.co','Sura EPS','Medicina');
insert into persona (perID,perNombre,perApellido,perDireccion,perBarrio,perCiudad,perTipoVivienda,perLocalidad,perEmail,perEntidadSalud,perFacultad) values (128,'Mónica Ana','Gómez Romero','AK 131 n No. 58-50','Manrique','Ibagué','Casa','Usaquén','MGómezR@unal.edu.co','Cafesalud','Ciencias Agrarias');
insert into persona (perID,perNombre,perApellido,perDireccion,perBarrio,perCiudad,perTipoVivienda,perLocalidad,perEmail,perEntidadSalud,perFacultad) values (129,'Alejandro Manuel','García Reyes','AK 173 k No. 2-59','Envigado','Medellín','Apartaestudio','Teusaquillo','AGarcíaR@unal.edu.co','Aliansalud','Ciencias Económicas');
insert into persona (perID,perNombre,perApellido,perDireccion,perBarrio,perCiudad,perTipoVivienda,perLocalidad,perEmail,perEntidadSalud,perFacultad) values (130,'Roberto Miguel','Ortiz Díaz','AK 75 f No. 13-51','San Javier','Ibagué','Finca','Fontibón','ROrtizD@unal.edu.co','EPS Familiar','Odontología');
insert into persona (perID,perNombre,perApellido,perDireccion,perBarrio,perCiudad,perTipoVivienda,perLocalidad,perEmail,perEntidadSalud,perFacultad) values (131,'Mario Manuel','González Cruz','KR 49 n No. 7-39','San Joaquín','Ibagué','Casa','Los Mártires','MGonzálezC@unal.edu.co','EPS Familiar','Ciencias Económicas');
insert into persona (perID,perNombre,perApellido,perDireccion,perBarrio,perCiudad,perTipoVivienda,perLocalidad,perEmail,perEntidadSalud,perFacultad) values (132,'Felipe Carla','Flores Ramírez','TV 107 a No. 45-24','La Avanzada','Bucaramanga','Finca','Bosa','FFloresR@unal.edu.co','Sura EPS','Odontología');
insert into persona (perID,perNombre,perApellido,perDireccion,perBarrio,perCiudad,perTipoVivienda,perLocalidad,perEmail,perEntidadSalud,perFacultad) values (133,'Mónica Ricardo','Ramírez Silva','AK 19 m No. 50-84','Robledo','Barranquilla','Apartamento','Suba','MRamírezS@unal.edu.co','Sanitas','Ciencias Humanas');
insert into persona (perID,perNombre,perApellido,perDireccion,perBarrio,perCiudad,perTipoVivienda,perLocalidad,perEmail,perEntidadSalud,perFacultad) values (134,'Laura Lucía','Ortiz Cruz','TV 101 b No. 43-54','El Salado','Soacha','Apartaestudio','Santa Fe','LOrtizC@unal.edu.co','Coomeva EPS','Ciencias Humanas');
insert into persona (perID,perNombre,perApellido,perDireccion,perBarrio,perCiudad,perTipoVivienda,perLocalidad,perEmail,perEntidadSalud,perFacultad) values (135,'Isabel Santiago','Romero Flores','KR 58 e No. 29-49','Doce de Octubre','Cartagena','Apartaestudio','San Cristóbal','IRomeroF@unal.edu.co','Coomeva EPS','Ciencias');
insert into persona (perID,perNombre,perApellido,perDireccion,perBarrio,perCiudad,perTipoVivienda,perLocalidad,perEmail,perEntidadSalud,perFacultad) values (136,'Fernando Mario','Morales Ortiz','TV 106 f No. 98-85','Envigado','Medellín','Finca','Rafael Uribe Uribe','FMoralesO@unal.edu.co','Aliansalud','Psicología');
insert into persona (perID,perNombre,perApellido,perDireccion,perBarrio,perCiudad,perTipoVivienda,perLocalidad,perEmail,perEntidadSalud,perFacultad) values (137,'Juan María','Reyes Cruz','CL 163 o No. 85-85','Robledo','Bogotá','Casa','Los Mártires','JReyesC@unal.edu.co','Colmedica','Artes');
insert into persona (perID,perNombre,perApellido,perDireccion,perBarrio,perCiudad,perTipoVivienda,perLocalidad,perEmail,perEntidadSalud,perFacultad) values (138,'Juan Manuel','Fernández Ramírez','TV 53 h No. 86-50','El Centro','Ibagué','Finca','Rafael Uribe Uribe','JFernándezR@unal.edu.co','Sanitas','Medicina');
insert into persona (perID,perNombre,perApellido,perDireccion,perBarrio,perCiudad,perTipoVivienda,perLocalidad,perEmail,perEntidadSalud,perFacultad) values (139,'María Raúl','Pérez Flores','AC 106 d No. 1-84','La Aguacatala','Villavicencio','Finca','Usaquén','MPérezF@unal.edu.co','Colmedica','Enfermería');
insert into persona (perID,perNombre,perApellido,perDireccion,perBarrio,perCiudad,perTipoVivienda,perLocalidad,perEmail,perEntidadSalud,perFacultad) values (140,'Gabriela Miguel','García Rojas','AC 165 q No. 44-5','Santa Cruz','Cali','Apartaestudio','Ciudad Bolívar','GGarcíaR@unal.edu.co','Colmedica','Psicología');
insert into persona (perID,perNombre,perApellido,perDireccion,perBarrio,perCiudad,perTipoVivienda,perLocalidad,perEmail,perEntidadSalud,perFacultad) values (141,'Andrés Luis','Gómez Mendoza','TV 37 p No. 19-51','El Tesoro','Cali','Finca','San Cristóbal','AGómezM@unal.edu.co','Cafesalud','Ciencias Económicas');
insert into persona (perID,perNombre,perApellido,perDireccion,perBarrio,perCiudad,perTipoVivienda,perLocalidad,perEmail,perEntidadSalud,perFacultad) values (142,'Diego Alejandro','Castro Martínez','CL 125 m No. 10-3','La Castellana','Cúcuta','Casa','Teusaquillo','DCastroM@unal.edu.co','Nueva EPS','Ciencias Agrarias');
insert into persona (perID,perNombre,perApellido,perDireccion,perBarrio,perCiudad,perTipoVivienda,perLocalidad,perEmail,perEntidadSalud,perFacultad) values (143,'Juan Pedro','Mendoza Romero','TV 129 s No. 57-3','Laureano Gómez','Cali','Apartaestudio','Antonio Nariño','JMendozaR@unal.edu.co','Coomeva EPS','Odontología');
insert into persona (perID,perNombre,perApellido,perDireccion,perBarrio,perCiudad,perTipoVivienda,perLocalidad,perEmail,perEntidadSalud,perFacultad) values (144,'Andrés Alejandro','González Sánchez','KR 62 b No. 38-97','El Tesoro','Cartagena','Finca','San Cristóbal','AGonzálezS@unal.edu.co','Nueva EPS','Ciencias Económicas');
insert into persona (perID,perNombre,perApellido,perDireccion,perBarrio,perCiudad,perTipoVivienda,perLocalidad,perEmail,perEntidadSalud,perFacultad) values (145,'Ana Gabriela','López González','CL 149 s No. 14-93','Guayabal','Villavicencio','Apartaestudio','Santa Fe','ALópezG@unal.edu.co','Nueva EPS','Derecho, Ciencias Políticas y Sociales');
insert into persona (perID,perNombre,perApellido,perDireccion,perBarrio,perCiudad,perTipoVivienda,perLocalidad,perEmail,perEntidadSalud,perFacultad) values (146,'Andrea Andrea','Martínez Fernández','AC 129 o No. 84-6','Santa Cruz','Cali','Casa','Rafael Uribe Uribe','AMartínezF@unal.edu.co','Nueva EPS','Enfermería');
insert into persona (perID,perNombre,perApellido,perDireccion,perBarrio,perCiudad,perTipoVivienda,perLocalidad,perEmail,perEntidadSalud,perFacultad) values (147,'Gustavo Natalia','Suárez Núñez','AC 168 a No. 85-4','Itagüí','Barranquilla','Apartaestudio','Rafael Uribe Uribe','GSuárezN@unal.edu.co','Coomeva EPS','Psicología');
insert into persona (perID,perNombre,perApellido,perDireccion,perBarrio,perCiudad,perTipoVivienda,perLocalidad,perEmail,perEntidadSalud,perFacultad) values (148,'Ricardo Luis','Sánchez Torres','TV 149 r No. 42-56','Castilla','Ibagué','Apartaestudio','Kennedy','RSánchezT@unal.edu.co','SaludTotal','Ciencias Veterinarias y de Zootecnia');
insert into persona (perID,perNombre,perApellido,perDireccion,perBarrio,perCiudad,perTipoVivienda,perLocalidad,perEmail,perEntidadSalud,perFacultad) values (149,'Andrés Pedro','Mendoza Fernández','KR 137 o No. 87-32','Manila','Medellín','Apartamento','Bosa','AMendozaF@unal.edu.co','Nueva EPS','Enfermería');
insert into persona (perID,perNombre,perApellido,perDireccion,perBarrio,perCiudad,perTipoVivienda,perLocalidad,perEmail,perEntidadSalud,perFacultad) values (150,'María María','Ramírez Morales','AK 47 l No. 4-7','La Flora','Cúcuta','Casa','Bosa','MRamírezM@unal.edu.co','Coomeva EPS','Medicina');
insert into persona (perID,perNombre,perApellido,perDireccion,perBarrio,perCiudad,perTipoVivienda,perLocalidad,perEmail,perEntidadSalud,perFacultad) values (151,'José Andrea','Mendoza Díaz','CL 40 e No. 46-58','El Diamante','Cartagena','Apartamento','Usme','JMendozaD@unal.edu.co','Nueva EPS','Ciencias Agrarias');
insert into persona (perID,perNombre,perApellido,perDireccion,perBarrio,perCiudad,perTipoVivienda,perLocalidad,perEmail,perEntidadSalud,perFacultad) values (152,'Ernesto Alejandro','González Núñez','CL 133 r No. 80-58','Castilla','Bucaramanga','Apartamento','Chapinero','EGonzálezN@unal.edu.co','Sura EPS','Ciencias');
insert into persona (perID,perNombre,perApellido,perDireccion,perBarrio,perCiudad,perTipoVivienda,perLocalidad,perEmail,perEntidadSalud,perFacultad) values (153,'Alejandro Mónica','García Morales','CL 34 k No. 42-29','San Javier','Soacha','Finca','Puente Aranda','AGarcíaM@unal.edu.co','Cafesalud','Odontología');
insert into persona (perID,perNombre,perApellido,perDireccion,perBarrio,perCiudad,perTipoVivienda,perLocalidad,perEmail,perEntidadSalud,perFacultad) values (154,'Gustavo Carla','Hernández Rojas','KR 79 l No. 79-58','Laureles','Medellín','Apartamento','Fontibón','GHernándezR@unal.edu.co','Coomeva EPS','Ingeniería');
insert into persona (perID,perNombre,perApellido,perDireccion,perBarrio,perCiudad,perTipoVivienda,perLocalidad,perEmail,perEntidadSalud,perFacultad) values (155,'Jorge Fernando','Álvarez Morales','AC 161 m No. 54-13','La Candelaria','Medellín','Finca','Tunjuelito','JÁlvarezM@unal.edu.co','Compensar','Psicología');
insert into persona (perID,perNombre,perApellido,perDireccion,perBarrio,perCiudad,perTipoVivienda,perLocalidad,perEmail,perEntidadSalud,perFacultad) values (156,'Isabel Carlos','Suárez Castro','KR 149 k No. 28-25','Santa Cruz','Medellín','Apartamento','La Candelaria','ISuárezC@unal.edu.co','Famisanar','Derecho, Ciencias Políticas y Sociales');
insert into persona (perID,perNombre,perApellido,perDireccion,perBarrio,perCiudad,perTipoVivienda,perLocalidad,perEmail,perEntidadSalud,perFacultad) values (157,'Manuel Andrés','Gómez Díaz','AK 157 l No. 49-25','El Pinal','Bucaramanga','Apartamento','Rafael Uribe Uribe','MGómezD@unal.edu.co','Sanitas','Ciencias');
insert into persona (perID,perNombre,perApellido,perDireccion,perBarrio,perCiudad,perTipoVivienda,perLocalidad,perEmail,perEntidadSalud,perFacultad) values (158,'Ricardo Ernesto','Hernández Ruiz','TV 107 h No. 90-66','El Rodeo','Ibagué','Apartamento','Bosa','RHernándezR@unal.edu.co','EPS Familiar','Ciencias Humanas');
insert into persona (perID,perNombre,perApellido,perDireccion,perBarrio,perCiudad,perTipoVivienda,perLocalidad,perEmail,perEntidadSalud,perFacultad) values (159,'Mónica Gabriela','Sánchez González','AK 173 r No. 73-15','Manrique','Ibagué','Apartaestudio','Antonio Nariño','MSánchezG@unal.edu.co','Colmedica','Medicina');
insert into persona (perID,perNombre,perApellido,perDireccion,perBarrio,perCiudad,perTipoVivienda,perLocalidad,perEmail,perEntidadSalud,perFacultad) values (160,'José Gabriela','Gómez Ortiz','TV 88 a No. 12-20','La América','Cali','Apartaestudio','Tunjuelito','JGómezO@unal.edu.co','Colmedica','Ciencias');
insert into persona (perID,perNombre,perApellido,perDireccion,perBarrio,perCiudad,perTipoVivienda,perLocalidad,perEmail,perEntidadSalud,perFacultad) values (161,'Diego Natalia','González Núñez','KR 72 r No. 7-84','Belén','Villavicencio','Apartaestudio','Puente Aranda','DGonzálezN@unal.edu.co','Sura EPS','Derecho, Ciencias Políticas y Sociales');
insert into persona (perID,perNombre,perApellido,perDireccion,perBarrio,perCiudad,perTipoVivienda,perLocalidad,perEmail,perEntidadSalud,perFacultad) values (162,'Carla Juan','Rojas Sánchez','AC 37 r No. 92-36','Moravia','Cúcuta','Apartaestudio','Fontibón','CRojasS@unal.edu.co','Coomeva EPS','Psicología');
insert into persona (perID,perNombre,perApellido,perDireccion,perBarrio,perCiudad,perTipoVivienda,perLocalidad,perEmail,perEntidadSalud,perFacultad) values (163,'Miguel Lucía','Fernández Flores','TV 132 s No. 7-19','Doce de Octubre','Cali','Finca','Otra','MFernándezF@unal.edu.co','Aliansalud','Psicología');
insert into persona (perID,perNombre,perApellido,perDireccion,perBarrio,perCiudad,perTipoVivienda,perLocalidad,perEmail,perEntidadSalud,perFacultad) values (164,'Alejandro Santiago','Rojas Pérez','AK 164 r No. 56-12','La Mota','Medellín','Finca','Teusaquillo','ARojasP@unal.edu.co','Aliansalud','Ciencias Humanas');
insert into persona (perID,perNombre,perApellido,perDireccion,perBarrio,perCiudad,perTipoVivienda,perLocalidad,perEmail,perEntidadSalud,perFacultad) values (165,'Gabriela Ernesto','Gómez Rojas','TV 42 t No. 93-1','San Javier','Cúcuta','Casa','Otra','GGómezR@unal.edu.co','Aliansalud','Odontología');
insert into persona (perID,perNombre,perApellido,perDireccion,perBarrio,perCiudad,perTipoVivienda,perLocalidad,perEmail,perEntidadSalud,perFacultad) values (166,'Alejandro Diego','Vargas Mendoza','AK 116 g No. 73-82','Las Acacias','Bogotá','Apartaestudio','Suba','AVargasM@unal.edu.co','Sanitas','Ingeniería');
insert into persona (perID,perNombre,perApellido,perDireccion,perBarrio,perCiudad,perTipoVivienda,perLocalidad,perEmail,perEntidadSalud,perFacultad) values (167,'Laura Laura','Romero Ramírez','AK 153 k No. 89-63','Laureano Gómez','Barranquilla','Casa','San Cristóbal','LRomeroR@unal.edu.co','SaludTotal','Psicología');
insert into persona (perID,perNombre,perApellido,perDireccion,perBarrio,perCiudad,perTipoVivienda,perLocalidad,perEmail,perEntidadSalud,perFacultad) values (168,'Andrea Andrea','Álvarez Pérez','AK 174 e No. 57-42','Laureles','Ibagué','Apartaestudio','Fontibón','AÁlvarezP@unal.edu.co','Nueva EPS','Artes');
insert into persona (perID,perNombre,perApellido,perDireccion,perBarrio,perCiudad,perTipoVivienda,perLocalidad,perEmail,perEntidadSalud,perFacultad) values (169,'Andrea Raúl','López Rodríguez','AK 166 t No. 15-45','La Avanzada','Soacha','Apartamento','Suba','ALópezR@unal.edu.co','Sanitas','Odontología');
insert into persona (perID,perNombre,perApellido,perDireccion,perBarrio,perCiudad,perTipoVivienda,perLocalidad,perEmail,perEntidadSalud,perFacultad) values (170,'Gustavo Fernando','López Álvarez','KR 36 q No. 96-65','Las Acacias','Villavicencio','Finca','Barrios Unidos','GLópezÁ@unal.edu.co','Sura EPS','Medicina');
insert into persona (perID,perNombre,perApellido,perDireccion,perBarrio,perCiudad,perTipoVivienda,perLocalidad,perEmail,perEntidadSalud,perFacultad) values (171,'Isabel Mónica','Romero Sánchez','TV 173 o No. 46-71','La Francia','Soacha','Apartamento','La Candelaria','IRomeroS@unal.edu.co','Nueva EPS','Ciencias Agrarias');
insert into persona (perID,perNombre,perApellido,perDireccion,perBarrio,perCiudad,perTipoVivienda,perLocalidad,perEmail,perEntidadSalud,perFacultad) values (172,'José Carla','Fernández Romero','TV 178 b No. 95-19','Robledo','Bucaramanga','Casa','Usme','JFernándezR@unal.edu.co','Sura EPS','Ciencias');
insert into persona (perID,perNombre,perApellido,perDireccion,perBarrio,perCiudad,perTipoVivienda,perLocalidad,perEmail,perEntidadSalud,perFacultad) values (173,'Andrés Miguel','Torres Cruz','AK 49 b No. 25-84','El Raizal','Cartagena','Finca','Chapinero','ATorresC@unal.edu.co','SaludTotal','Enfermería');
insert into persona (perID,perNombre,perApellido,perDireccion,perBarrio,perCiudad,perTipoVivienda,perLocalidad,perEmail,perEntidadSalud,perFacultad) values (174,'José Natalia','Ruiz Torres','CL 178 n No. 41-49','Santa Cruz','Bucaramanga','Apartaestudio','Teusaquillo','JRuizT@unal.edu.co','SaludTotal','Ingeniería');
insert into persona (perID,perNombre,perApellido,perDireccion,perBarrio,perCiudad,perTipoVivienda,perLocalidad,perEmail,perEntidadSalud,perFacultad) values (175,'Andrés Miguel','Flores Núñez','CL 5 l No. 33-23','Cristo Rey','Cartagena','Apartaestudio','Chapinero','AFloresN@unal.edu.co','EPS Familiar','Odontología');
insert into persona (perID,perNombre,perApellido,perDireccion,perBarrio,perCiudad,perTipoVivienda,perLocalidad,perEmail,perEntidadSalud,perFacultad) values (176,'Lucía Manuel','Mendoza Romero','AC 14 e No. 78-52','San Diego','Villavicencio','Finca','Antonio Nariño','LMendozaR@unal.edu.co','Nueva EPS','Ciencias Humanas');
insert into persona (perID,perNombre,perApellido,perDireccion,perBarrio,perCiudad,perTipoVivienda,perLocalidad,perEmail,perEntidadSalud,perFacultad) values (177,'Ernesto Alejandro','Gómez Rojas','KR 136 b No. 80-94','El Tesoro','Cali','Casa','Antonio Nariño','EGómezR@unal.edu.co','Nueva EPS','Ciencias');
insert into persona (perID,perNombre,perApellido,perDireccion,perBarrio,perCiudad,perTipoVivienda,perLocalidad,perEmail,perEntidadSalud,perFacultad) values (178,'Ana Fernando','Hernández Ortiz','KR 126 h No. 9-1','San Joaquín','Barranquilla','Casa','Teusaquillo','AHernándezO@unal.edu.co','Sura EPS','Ciencias');
insert into persona (perID,perNombre,perApellido,perDireccion,perBarrio,perCiudad,perTipoVivienda,perLocalidad,perEmail,perEntidadSalud,perFacultad) values (179,'Ricardo Carlos','Núñez Díaz','CL 68 c No. 67-26','El Centro','Cúcuta','Apartaestudio','Puente Aranda','RNúñezD@unal.edu.co','EPS Familiar','Ciencias');
insert into persona (perID,perNombre,perApellido,perDireccion,perBarrio,perCiudad,perTipoVivienda,perLocalidad,perEmail,perEntidadSalud,perFacultad) values (180,'Isabel Luis','Pérez Martínez','AC 20 i No. 91-28','Santa Cruz','Cúcuta','Casa','Suba','IPérezM@unal.edu.co','Aliansalud','Ciencias Humanas');
insert into persona (perID,perNombre,perApellido,perDireccion,perBarrio,perCiudad,perTipoVivienda,perLocalidad,perEmail,perEntidadSalud,perFacultad) values (181,'Andrés Andrea','Vargas García','TV 48 o No. 21-11','Barrio Colombia','Barranquilla','Apartaestudio','Kennedy','AVargasG@unal.edu.co','Sura EPS','Ciencias Veterinarias y de Zootecnia');
insert into persona (perID,perNombre,perApellido,perDireccion,perBarrio,perCiudad,perTipoVivienda,perLocalidad,perEmail,perEntidadSalud,perFacultad) values (182,'Carla Pedro','Fernández Ortiz','KR 171 m No. 41-97','Doce de Octubre','Bucaramanga','Apartamento','Usme','CFernándezO@unal.edu.co','Compensar','Medicina');
insert into persona (perID,perNombre,perApellido,perDireccion,perBarrio,perCiudad,perTipoVivienda,perLocalidad,perEmail,perEntidadSalud,perFacultad) values (183,'Santiago Juan','Fernández González','AK 38 o No. 23-58','El Popular','Bucaramanga','Casa','Los Mártires','SFernándezG@unal.edu.co','EPS Familiar','Ciencias');
insert into persona (perID,perNombre,perApellido,perDireccion,perBarrio,perCiudad,perTipoVivienda,perLocalidad,perEmail,perEntidadSalud,perFacultad) values (184,'Juan Mónica','Ramírez Álvarez','TV 32 e No. 42-75','El Diamante','Bucaramanga','Apartaestudio','Antonio Nariño','JRamírezÁ@unal.edu.co','Coomeva EPS','Ciencias Veterinarias y de Zootecnia');
insert into persona (perID,perNombre,perApellido,perDireccion,perBarrio,perCiudad,perTipoVivienda,perLocalidad,perEmail,perEntidadSalud,perFacultad) values (185,'José Diego','Torres Hernández','KR 43 q No. 55-2','Moravia','Villavicencio','Finca','Bosa','JTorresH@unal.edu.co','SaludTotal','Odontología');
insert into persona (perID,perNombre,perApellido,perDireccion,perBarrio,perCiudad,perTipoVivienda,perLocalidad,perEmail,perEntidadSalud,perFacultad) values (186,'Juan Carlos','García Sánchez','AC 85 a No. 47-58','Envigado','Bogotá','Casa','Kennedy','JGarcíaS@unal.edu.co','Famisanar','Artes');
insert into persona (perID,perNombre,perApellido,perDireccion,perBarrio,perCiudad,perTipoVivienda,perLocalidad,perEmail,perEntidadSalud,perFacultad) values (187,'Andrea Carlos','Cruz Pérez','AK 131 p No. 35-89','El Poblado','Cartagena','Finca','Antonio Nariño','ACruzP@unal.edu.co','Nueva EPS','Ciencias Agrarias');
insert into persona (perID,perNombre,perApellido,perDireccion,perBarrio,perCiudad,perTipoVivienda,perLocalidad,perEmail,perEntidadSalud,perFacultad) values (188,'Isabel Isabel','Suárez Álvarez','TV 105 i No. 11-97','El Popular','Cartagena','Apartamento','Chapinero','ISuárezÁ@unal.edu.co','Famisanar','Medicina');
insert into persona (perID,perNombre,perApellido,perDireccion,perBarrio,perCiudad,perTipoVivienda,perLocalidad,perEmail,perEntidadSalud,perFacultad) values (189,'Luis Andrés','Rodríguez Jiménez','AC 108 e No. 47-13','Loma de Los Bernal','Cúcuta','Apartaestudio','Antonio Nariño','LRodríguezJ@unal.edu.co','Sanitas','Ciencias Veterinarias y de Zootecnia');
insert into persona (perID,perNombre,perApellido,perDireccion,perBarrio,perCiudad,perTipoVivienda,perLocalidad,perEmail,perEntidadSalud,perFacultad) values (190,'Carlos Miguel','Reyes Rodríguez','KR 5 g No. 98-10','El Popular','Cali','Apartaestudio','Usaquén','CReyesR@unal.edu.co','Cafesalud','Artes');
insert into persona (perID,perNombre,perApellido,perDireccion,perBarrio,perCiudad,perTipoVivienda,perLocalidad,perEmail,perEntidadSalud,perFacultad) values (191,'Santiago Mario','Chávez Vargas','KR 104 c No. 87-13','El Salado','Villavicencio','Apartamento','Usaquén','SChávezV@unal.edu.co','Famisanar','Ciencias Humanas');
insert into persona (perID,perNombre,perApellido,perDireccion,perBarrio,perCiudad,perTipoVivienda,perLocalidad,perEmail,perEntidadSalud,perFacultad) values (192,'Luis Ricardo','Hernández Martínez','AK 6 l No. 54-37','Aranjuez','Villavicencio','Finca','Bosa','LHernándezM@unal.edu.co','SaludTotal','Derecho, Ciencias Políticas y Sociales');
insert into persona (perID,perNombre,perApellido,perDireccion,perBarrio,perCiudad,perTipoVivienda,perLocalidad,perEmail,perEntidadSalud,perFacultad) values (193,'Juan Luis','Suárez Núñez','CL 48 m No. 83-19','Itagüí','Cúcuta','Apartamento','Tunjuelito','JSuárezN@unal.edu.co','Nueva EPS','Ciencias');
insert into persona (perID,perNombre,perApellido,perDireccion,perBarrio,perCiudad,perTipoVivienda,perLocalidad,perEmail,perEntidadSalud,perFacultad) values (194,'Alejandro Fernando','Fernández Núñez','AK 36 p No. 86-93','La Estrella','Cali','Casa','Usme','AFernándezN@unal.edu.co','Compensar','Medicina');
insert into persona (perID,perNombre,perApellido,perDireccion,perBarrio,perCiudad,perTipoVivienda,perLocalidad,perEmail,perEntidadSalud,perFacultad) values (195,'Gabriela Alejandro','Mendoza Romero','AK 44 k No. 14-1','Laureles','Barranquilla','Apartamento','Usme','GMendozaR@unal.edu.co','Sura EPS','Ciencias Veterinarias y de Zootecnia');
insert into persona (perID,perNombre,perApellido,perDireccion,perBarrio,perCiudad,perTipoVivienda,perLocalidad,perEmail,perEntidadSalud,perFacultad) values (196,'Alejandro Ernesto','Fernández Reyes','AC 107 n No. 57-25','La Estrella','Cúcuta','Casa','Los Mártires','AFernándezR@unal.edu.co','Compensar','Medicina');
insert into persona (perID,perNombre,perApellido,perDireccion,perBarrio,perCiudad,perTipoVivienda,perLocalidad,perEmail,perEntidadSalud,perFacultad) values (197,'Ernesto Roberto','Gómez Chávez','AC 136 m No. 45-52','El Salado','Medellín','Casa','Tunjuelito','EGómezC@unal.edu.co','Colmedica','Ciencias Económicas');
insert into persona (perID,perNombre,perApellido,perDireccion,perBarrio,perCiudad,perTipoVivienda,perLocalidad,perEmail,perEntidadSalud,perFacultad) values (198,'Andrea Carlos','Álvarez González','CL 161 b No. 52-92','Manila','Villavicencio','Apartaestudio','Chapinero','AÁlvarezG@unal.edu.co','Coomeva EPS','Medicina');
insert into persona (perID,perNombre,perApellido,perDireccion,perBarrio,perCiudad,perTipoVivienda,perLocalidad,perEmail,perEntidadSalud,perFacultad) values (199,'Ernesto Mario','Romero Gómez','TV 98 g No. 80-70','La Mota','Cartagena','Casa','La Candelaria','ERomeroG@unal.edu.co','SaludTotal','Derecho, Ciencias Políticas y Sociales');
insert into persona (perID,perNombre,perApellido,perDireccion,perBarrio,perCiudad,perTipoVivienda,perLocalidad,perEmail,perEntidadSalud,perFacultad) values (200,'Raúl Luis','Ortiz Ruiz','CL 126 j No. 80-25','Doce de Octubre','Villavicencio','Casa','Los Mártires','ROrtizR@unal.edu.co','Sanitas','Artes');

insert into carrera values(1,'Administración de Empresas (SNIES 19 )','149');
insert into carrera values(2,'Antropología (SNIES 13 )','152');
insert into carrera values(3,'Arquitectura (SNIES 30 )','172');
insert into carrera values(4,'Artes Plásticas  (SNIES 2497 )*','188');
insert into carrera values(5,'Biología (SNIES 31 )','156');
insert into carrera values(6,'Ciencia Política (SNIES 3140 )','144');
insert into carrera values(7,'Ciencias de la Computación (SNIES 106341)','172');
insert into carrera values(8,'Cine y Televisión (SNIES 6 )*','172');
insert into carrera values(9,'Contaduría Pública (SNIES 16895 )','141');
insert into carrera values(10,'Derecho (SNIES 17 )','168');
insert into carrera values(11,'Diseño Gráfico (SNIES 4 )','171');
insert into carrera values(12,'Diseño Industrial (SNIES 5 )','147');
insert into carrera values(13,'Economía (SNIES 18 )','167');
insert into carrera values(14,'Enfermería (SNIES 7 )','154');
insert into carrera values(15,'Español y Filología Clásica (SNIES 54036 )','180');
insert into carrera values(16,'Estadística (SNIES 32 )','175');
insert into carrera values(17,'Farmacia (SNIES 37 )','190');
insert into carrera values(18,'Filología e Idiomas: Alemán (SNIES 23 )','153');
insert into carrera values(19,'Filología e Idiomas: Francés (SNIES 23 )','146');
insert into carrera values(20,'Filología e Idiomas: Inglés (SNIES 23 )','169');
insert into carrera values(21,'Filosofía (SNIES 20 )','152');
insert into carrera values(22,'Física (SNIES 33 )','165');
insert into carrera values(23,'Fisioterapia (SNIES 8 )','148');
insert into carrera values(24,'Geografía (SNIES 3103 )','178');
insert into carrera values(25,'Geología (SNIES 34 )','160');
insert into carrera values(26,'Ingeniería Agrícola (SNIES 24 )','188');
insert into carrera values(27,'Ingeniería Agronómica (SNIES 1 )','162');
insert into carrera values(28,'Ingeniería Civil (SNIES 25 )','137');
insert into carrera values(29,'Ingeniería Sistemas (SNIES 16 )','168');
insert into carrera values(30,'Ingeniería Eléctrica (SNIES 27 )','148');
insert into carrera values(31,'Ingeniería Electrónica (SNIES 16941 )','159');
insert into carrera values(32,'Ingeniería Industrial (SNIES 16940 )','145');
insert into carrera values(33,'Ingeniería Mecánica (SNIES 28 )','158');
insert into carrera values(34,'Ingeniería Mecatrónica (SNIES 16939 )','146');
insert into carrera values(35,'Ingeniería Química (SNIES 29 )','143');
insert into carrera values(36,'Lingüística (SNIES 16938 )','141');
insert into carrera values(37,'Matemáticas (SNIES 35 )','181');
insert into carrera values(38,'Medicina (SNIES 9 )','172');
insert into carrera values(39,'Medicina Veterinaria (SNIES 2 )','176');
insert into carrera values(40,'Música (SNIES 06 )','132');
insert into carrera values(41,'Música Instrumental','149');
insert into carrera values(42,'Nutrición y Dietética (SNIES 10 )','183');
insert into carrera values(43,'Odontología (SNIES 11 )','180');
insert into carrera values(44,'Psicología (SNIES 14 )','167');
insert into carrera values(45,'Química (SNIES 36 )','179');
insert into carrera values(46,'Sociología (SNIES 16 )','162');
insert into carrera values(47,'Trabajo Social (SNIES 15 )','171');
insert into carrera values(48,'Zootecnia (SNIES 3 )','174');

insert into estudiante (estID,carreID,estEdad,estFacultad,estPBM,estTipoAdmision,estEsEgresado) values (1,'36','17','Ingeniería','73','Regular','0');
insert into estudiante (estID,carreID,estEdad,estFacultad,estPBM,estTipoAdmision,estEsEgresado) values (2,'27','27','Artes','50','Regular','0');
insert into estudiante (estID,carreID,estEdad,estFacultad,estPBM,estTipoAdmision,estEsEgresado) values (3,'26','21','Ciencias Humanas','76','PEAMA','0');
insert into estudiante (estID,carreID,estEdad,estFacultad,estPBM,estTipoAdmision,estEsEgresado) values (4,'47','18','Ingeniería','19','Regular','0');
insert into estudiante (estID,carreID,estEdad,estFacultad,estPBM,estTipoAdmision,estEsEgresado) values (5,'22','19','Ciencias Económicas','73','PEAMA','0');
insert into estudiante (estID,carreID,estEdad,estFacultad,estPBM,estTipoAdmision,estEsEgresado) values (6,'13','28','Ciencias Económicas','30','PEAMA','0');
insert into estudiante (estID,carreID,estEdad,estFacultad,estPBM,estTipoAdmision,estEsEgresado) values (7,'13','24','Enfermería','37','PEAMA','0');
insert into estudiante (estID,carreID,estEdad,estFacultad,estPBM,estTipoAdmision,estEsEgresado) values (8,'10','25','Enfermería','88','Regular','0');
insert into estudiante (estID,carreID,estEdad,estFacultad,estPBM,estTipoAdmision,estEsEgresado) values (9,'38','19','Ciencias Veterinarias y de Zootecnia','64','PEAMA','0');
insert into estudiante (estID,carreID,estEdad,estFacultad,estPBM,estTipoAdmision,estEsEgresado) values (10,'16','23','Enfermería','2','Regular','0');
insert into estudiante (estID,carreID,estEdad,estFacultad,estPBM,estTipoAdmision,estEsEgresado) values (11,'34','25','Ciencias','24','Regular','0');
insert into estudiante (estID,carreID,estEdad,estFacultad,estPBM,estTipoAdmision,estEsEgresado) values (12,'38','21','Derecho, Ciencias Políticas y Sociales','79','PEAMA','0');
insert into estudiante (estID,carreID,estEdad,estFacultad,estPBM,estTipoAdmision,estEsEgresado) values (13,'37','24','Ciencias Económicas','43','PEAMA','0');
insert into estudiante (estID,carreID,estEdad,estFacultad,estPBM,estTipoAdmision,estEsEgresado) values (14,'32','26','Ingeniería','39','Regular','0');
insert into estudiante (estID,carreID,estEdad,estFacultad,estPBM,estTipoAdmision,estEsEgresado) values (15,'23','17','Ciencias','64','PEAMA','0');
insert into estudiante (estID,carreID,estEdad,estFacultad,estPBM,estTipoAdmision,estEsEgresado) values (16,'44','26','Enfermería','0','Regular','0');
insert into estudiante (estID,carreID,estEdad,estFacultad,estPBM,estTipoAdmision,estEsEgresado) values (17,'25','19','Ciencias Agrarias','48','Regular','0');
insert into estudiante (estID,carreID,estEdad,estFacultad,estPBM,estTipoAdmision,estEsEgresado) values (18,'14','24','Ciencias Agrarias','84','Regular','0');
insert into estudiante (estID,carreID,estEdad,estFacultad,estPBM,estTipoAdmision,estEsEgresado) values (19,'34','25','Ciencias Económicas','72','Regular','0');
insert into estudiante (estID,carreID,estEdad,estFacultad,estPBM,estTipoAdmision,estEsEgresado) values (20,'44','26','Medicina','77','Regular','0');
insert into estudiante (estID,carreID,estEdad,estFacultad,estPBM,estTipoAdmision,estEsEgresado) values (21,'4','23','Derecho, Ciencias Políticas y Sociales','19','PEAMA','0');
insert into estudiante (estID,carreID,estEdad,estFacultad,estPBM,estTipoAdmision,estEsEgresado) values (22,'27','26','Odontología','25','Regular','0');
insert into estudiante (estID,carreID,estEdad,estFacultad,estPBM,estTipoAdmision,estEsEgresado) values (23,'6','22','Psicología','72','Regular','0');
insert into estudiante (estID,carreID,estEdad,estFacultad,estPBM,estTipoAdmision,estEsEgresado) values (24,'27','22','Ciencias Humanas','18','PEAMA','0');
insert into estudiante (estID,carreID,estEdad,estFacultad,estPBM,estTipoAdmision,estEsEgresado) values (25,'32','24','Ciencias Humanas','22','PEAMA','0');
insert into estudiante (estID,carreID,estEdad,estFacultad,estPBM,estTipoAdmision,estEsEgresado) values (26,'33','22','Ingeniería','92','Regular','0');
insert into estudiante (estID,carreID,estEdad,estFacultad,estPBM,estTipoAdmision,estEsEgresado) values (27,'24','20','Ciencias Veterinarias y de Zootecnia','74','PEAMA','0');
insert into estudiante (estID,carreID,estEdad,estFacultad,estPBM,estTipoAdmision,estEsEgresado) values (28,'40','17','Artes','30','Regular','0');
insert into estudiante (estID,carreID,estEdad,estFacultad,estPBM,estTipoAdmision,estEsEgresado) values (29,'20','28','Ciencias Veterinarias y de Zootecnia','90','PEAMA','0');
insert into estudiante (estID,carreID,estEdad,estFacultad,estPBM,estTipoAdmision,estEsEgresado) values (30,'29','30','Ciencias','96','PEAMA','0');

insert into bienestar.area values
(1, "Salud", 5713165000, "areasalud_bog@unal.edu.co", 21072, "CAN Bloque 3, Edificio 933",
"El Área de Salud promueve el mejoramiento permanente de las condiciones físicas, psíquicas, mentales, sociales y ambientales en las que se desarrolla la vida universitaria, mediante programas formativos, preventivos y correctivos que incidan en la calidad de vida y hábitos de vida saludable.
Protegemos y promocionamos la salud integral de la comunidad universitaria a partir de la caracterización del riesgo individual y grupal, la prevención de la enfermedad, la gestión en salud y la atención de emergencias."),
(2,"Cultura", 5713165194, "culturabien_bog@unal.edu.co", 17248, "Edificio No. 103
Polideportivo Primer Piso / antiguas oficinas División de archivo", 
"El Área de Cultura promueve en la comunidad universitaria el desarrollo de aptitudes estéticas y artísticas en su formación, expresión y divulgación, atendiendo la diversidad cultural de la misma.
Estimulamos la formación y la proyección artística de la comunidad universitaria, en diversas expresiones modernas, contemporáneas, urbanas y representativas del folclor nacional, cultivando el respeto por el patrimonio
 cultural material e inmaterial, el reconocimiento de la diversidad y la creación e investigación de nuevas prácticas del saber."),
 (3,"Actividad física y Deporte",3165000, "divrecd_bog@unal.edu.co", 17207, "Edificio No. 103 Polideportivo",
 "El Área de Actividad Física y Deporte estimula la práctica de actividades de tipo recreativo, formativo y competitivo, en el marco del sano esparcimiento, la promoción de la salud, la utilización racional y formativa del tiempo libre y la implementación del deporte universitario.
Fomentamos la actividad física, el acondicionamiento físico dirigido y el rendimiento deportivo mediante la articulación de las actividades deportivas con la vida académica para apoyar la formación integral y afirmar el sentido de pertenencia hacia la Universidad."),
(4, "Acompañamiento integral", 3165000, "aaintegral@unal.edu.co", 17171, "Ciudad Universitaria - Edificio 103 - Polideportivo Segundo piso",
"El Área de Acompañamiento Integral desarrolla acciones orientadas a los miembros de la comunidad para apoyar su paso por la Universidad, facilitar el conocimiento de sí mismo y de los demás; desarrollar el sentido de pertenencia,
 el compromiso individual, la construcción de un tejido social incluyente y el fortalecimiento de las relaciones humanas.
Un equipo humano interdisciplinario que orienta el fortalecimiento del potencial de los miembros de la comunidad universitaria en los cambios y retos que le impone su tránsito por la institución."),
(5,"Gestión y fomento socieconómico", 3165000, "economicaagfse_bog@unal.edu.co", 10652, "Unidad Camilo Torres Bloque B 7, Oficina: 201", 
"El Área de Gestión y Fomento Socioeconómico promueve el mejoramiento de las condiciones socioeconómicas y el desarrollo personal y profesional de la comunidad estudiantil."),
(6, "Unidades especiales", 3165000, "obsdiscap_nal@unal.edu.co", 10574, "Unidad Camilo Torres (Calle 44 No. 45 - 67), Bloque B, Módulo 8, Oficina 703",
"Los programas de Admisión Especial son creados por la Universidad Nacional de Colombia atendiendo a uno de sus fines misionales, el cual es proyectarse al territorio nacional y contribuir con la unidad nacional, la igualdad de oportunidades de acceso a la educación superior y la promoción del desarrollo de la comunidad académica nacional.");


insert into programa (progID,progNombre,Area_areID) values (1,'Fomento Económico Estudiantes',5);
insert into bienestar.programa values
(2, "Cita medica", 1), 
(3, "CursoCultural", 2),
(4, "Grupo artistico institucional", 2),
(5, "Urgencia",  1);

insert into convocatoria (conv_id,convNombre,convFechaApertura,convFechaCierre,convEstado,Programa_progID) values (1,'Fomento Económico Estudiantes','2023-01-15','2023-02-1',1,1);
insert into convocatoria (conv_id,convNombre,convFechaApertura,convFechaCierre,convEstado,Programa_progID) values (2,'Fomento Económico Estudiantes Alimentación','2023-01-15','2023-02-1',1,1);
insert into convocatoria (conv_id,convNombre,convFechaApertura,convFechaCierre,convEstado,Programa_progID) values (3,'Fomento Económico Estudiantes Alimentación','2023-01-15','2023-02-1',1,1);
insert into convocatoria (conv_id,convNombre,convFechaApertura,convFechaCierre,convEstado,Programa_progID) values (4,'Fomento Económico Estudiantes Alimentación','2023-01-15','2023-02-1',1,1);
insert into convocatoria (conv_id,convNombre,convFechaApertura,convFechaCierre,convEstado,Programa_progID) values (5,'Gestión Alojamiento','2023-01-15','2023-02-1',1,1);
insert into convocatoria (conv_id,convNombre,convFechaApertura,convFechaCierre,convEstado,Programa_progID) values (6,'Gestión Alojamiento','2023-01-15','2023-02-1',1,1);
insert into convocatoria (conv_id,convNombre,convFechaApertura,convFechaCierre,convEstado,Programa_progID) values (7,'Gestión Alojamiento','2023-01-15','2023-02-1',1,1);
insert into convocatoria (conv_id,convNombre,convFechaApertura,convFechaCierre,convEstado,Programa_progID) values (8,'Gestión Alojamiento','2023-01-15','2023-02-1',1,1);
insert into convocatoria (conv_id,convNombre,convFechaApertura,convFechaCierre,convEstado,Programa_progID) values (9,'Gestión Alojamiento','2023-01-15','2023-02-1',1,1);
insert into convocatoria (conv_id,convNombre,convFechaApertura,convFechaCierre,convEstado,Programa_progID) values (10,'Gestión Alojamiento','2023-01-15','2023-02-1',1,1);
insert into convocatoria (conv_id,convNombre,convFechaApertura,convFechaCierre,convEstado,Programa_progID) values (11,'Gestión Alojamiento','2023-01-15','2023-02-1',1,1);
insert into convocatoria (conv_id,convNombre,convFechaApertura,convFechaCierre,convEstado,Programa_progID) values (12,'Gestión Alojamiento','2023-01-15','2023-02-1',1,1);
insert into convocatoria (conv_id,convNombre,convFechaApertura,convFechaCierre,convEstado,Programa_progID) values (13,'Gestión Alojamiento','2023-01-15','2023-02-1',1,1);
insert into convocatoria (conv_id,convNombre,convFechaApertura,convFechaCierre,convEstado,Programa_progID) values (14,'Gestión Alojamiento','2023-01-15','2023-02-1',1,1);
insert into convocatoria (conv_id,convNombre,convFechaApertura,convFechaCierre,convEstado,Programa_progID) values (15,'Gestión Alojamiento','2023-01-15','2023-02-1',1,1);
insert into convocatoria (conv_id,convNombre,convFechaApertura,convFechaCierre,convEstado,Programa_progID) values (16,'Fomento Económico Estudiantes','2023-01-15','2023-02-1',1,1);

insert into convocatoriagestioneconomica values (1,500000);
insert into convocatoriagestioneconomica values (16,1000000);

insert into convocatoriagestionalimentaria values (2,'Desayuno','Comedor central');
insert into convocatoriagestionalimentaria values (3,'Almuerzo','Matemáticas');
insert into convocatoriagestionalimentaria values (4,'Cena','Biología');

insert into convocatoriagestionalojamiento values (5,'AK 119 t No. 71-39','Usme',1213485.3333333333,'Residencia Universitaria','N.A',3640456);
insert into convocatoriagestionalojamiento values (6,'KR 71 h No. 87-43','Barrios Unidos',2052035.0,'Habitación','N.A',4104070);
insert into convocatoriagestionalojamiento values (7,'AK 16 i No. 41-39','Usme',292882.0,'Apartamento','N.A',585764);
insert into convocatoriagestionalojamiento values (8,'KR 121 g No. 6-85','Antonio Nariño',526832.6666666666,'Hotel','N.A',1580498);
insert into convocatoriagestionalojamiento values (9,'AK 11 j No. 30-36','Teusaquillo',880453.5,'otro','N.A',3521814);
insert into convocatoriagestionalojamiento values (10,'AK 4 d No. 42-60','Bosa',1954658.5,'Hotel','N.A',3909317);
insert into convocatoriagestionalojamiento values (11,'TV 103 s No. 81-41','Engativá',1621723.0,'Apartaestudio','N.A',3243446);
insert into convocatoriagestionalojamiento values (12,'AC 29 c No. 72-52','Bosa',610463.3333333334,'Habitación','N.A',1831390);
insert into convocatoriagestionalojamiento values (13,'KR 172 m No. 98-27','Chapinero',1016121.0,'Residencia Universitaria','N.A',3048363);
insert into convocatoriagestionalojamiento values (14,'TV 156 k No. 30-17','Fontibón',1948563.0,'Residencia Universitaria','N.A',3897126);
insert into convocatoriagestionalojamiento values (15,'TV 20 q No. 42-58','Ciudad Bolívar',2479522.0,'Vivienda familiar','N.A',4959044);

insert into estudiante_toma_convocatoria values (30,9);
insert into estudiante_toma_convocatoria values (16,1);
insert into estudiante_toma_convocatoria values (22,2);
insert into estudiante_toma_convocatoria values (26,14);
insert into estudiante_toma_convocatoria values (24,3);
insert into estudiante_toma_convocatoria values (27,8);
insert into estudiante_toma_convocatoria values (2,8);
insert into estudiante_toma_convocatoria values (14,3);
insert into estudiante_toma_convocatoria values (9,1);
insert into estudiante_toma_convocatoria values (13,1);
insert into estudiante_toma_convocatoria values (27,5);
insert into estudiante_toma_convocatoria values (6,5);
insert into estudiante_toma_convocatoria values (27,15);
insert into estudiante_toma_convocatoria values (24,1);
insert into estudiante_toma_convocatoria values (7,11);
insert into estudiante_toma_convocatoria values (24,12);
insert into estudiante_toma_convocatoria values (29,7);
insert into estudiante_toma_convocatoria values (21,14);
insert into estudiante_toma_convocatoria values (4,7);
insert into estudiante_toma_convocatoria values (2,15);

insert into fallaalimentacion (estID,fallAlcgaComida,fallAlLugar,fallAlFecha) values (23,'Almuerzo','Comedor central','2023-05-19');
insert into fallaalimentacion (estID,fallAlcgaComida,fallAlLugar,fallAlFecha) values (9,'Desayuno','Ciencias Económicas','2023-02-12');
insert into fallaalimentacion (estID,fallAlcgaComida,fallAlLugar,fallAlFecha) values (9,'Desayuno','Ciencias Económicas','2023-05-12');
insert into fallaalimentacion (estID,fallAlcgaComida,fallAlLugar,fallAlFecha) values (2,'Almuerzo','Matemáticas','2023-02-25');
insert into fallaalimentacion (estID,fallAlcgaComida,fallAlLugar,fallAlFecha) values (12,'Almuerzo','Comedor central','2023-02-26');
insert into fallaalimentacion (estID,fallAlcgaComida,fallAlLugar,fallAlFecha) values (19,'Cena','Ciencias Económicas','2023-05-17');
insert into fallaalimentacion (estID,fallAlcgaComida,fallAlLugar,fallAlFecha) values (7,'Almuerzo','Biología','2023-03-16');
insert into fallaalimentacion (estID,fallAlcgaComida,fallAlLugar,fallAlFecha) values (3,'Desayuno','Ciencias Humanas','2023-03-15');
insert into fallaalimentacion (estID,fallAlcgaComida,fallAlLugar,fallAlFecha) values (3,'Desayuno','Ciencias Humanas','2023-04-15');
insert into fallaalimentacion (estID,fallAlcgaComida,fallAlLugar,fallAlFecha) values (3,'Desayuno','Ciencias Humanas','2023-03-21');
insert into fallaalimentacion (estID,fallAlcgaComida,fallAlLugar,fallAlFecha) values (29,'Almuerzo','otro','2023-06-18');
insert into fallaalimentacion (estID,fallAlcgaComida,fallAlLugar,fallAlFecha) values (23,'Almuerzo','otro','2023-04-9');
insert into fallaalimentacion (estID,fallAlcgaComida,fallAlLugar,fallAlFecha) values (24,'Desayuno','Comedor central','2023-06-26');
insert into fallaalimentacion (estID,fallAlcgaComida,fallAlLugar,fallAlFecha) values (28,'Cena','Biología','2023-03-29');
insert into fallaalimentacion (estID,fallAlcgaComida,fallAlLugar,fallAlFecha) values (28,'Cena','Biología','2023-02-18');
insert into fallaalimentacion (estID,fallAlcgaComida,fallAlLugar,fallAlFecha) values (28,'Cena','Biología','2023-01-29');
insert into fallaalimentacion (estID,fallAlcgaComida,fallAlLugar,fallAlFecha) values (28,'Cena','Biología','2023-04-29');
insert into fallaalimentacion (estID,fallAlcgaComida,fallAlLugar,fallAlFecha) values (28,'Cena','Biología','2023-05-29');
insert into fallaalimentacion (estID,fallAlcgaComida,fallAlLugar,fallAlFecha) values (3,'Desayuno','Matemáticas','2023-06-2');
insert into fallaalimentacion (estID,fallAlcgaComida,fallAlLugar,fallAlFecha) values (20,'Cena','Ciencias Humanas','2023-02-14');
insert into fallaalimentacion (estID,fallAlcgaComida,fallAlLugar,fallAlFecha) values (14,'Almuerzo','Agronomía','2023-06-20');
insert into fallaalimentacion (estID,fallAlcgaComida,fallAlLugar,fallAlFecha) values (11,'Cena','Odontología','2023-02-27');
insert into fallaalimentacion (estID,fallAlcgaComida,fallAlLugar,fallAlFecha) values (14,'Almuerzo','Ciencias Económicas','2023-02-28');
insert into fallaalimentacion (estID,fallAlcgaComida,fallAlLugar,fallAlFecha) values (23,'Desayuno','Hemeroteca','2023-03-19');
insert into fallaalimentacion (estID,fallAlcgaComida,fallAlLugar,fallAlFecha) values (1,'Desayuno','otro','2023-04-23');
insert into fallaalimentacion (estID,fallAlcgaComida,fallAlLugar,fallAlFecha) values (13,'Almuerzo','Odontología','2023-03-18');
insert into fallaalimentacion (estID,fallAlcgaComida,fallAlLugar,fallAlFecha) values (23,'Almuerzo','Ciencias Humanas','2023-06-17');

insert into actividadcorresp (actCorID,estID,actCorActividad,actCorHoras) values (0,18,'comunitaria',3);
insert into actividadcorresp (actCorID,estID,actCorActividad,actCorHoras) values (1,27,'cultural',8);
insert into actividadcorresp (actCorID,estID,actCorActividad,actCorHoras) values (2,9,'acompañamiento',6);
insert into actividadcorresp (actCorID,estID,actCorActividad,actCorHoras) values (3,24,'académica',6);
insert into actividadcorresp (actCorID,estID,actCorActividad,actCorHoras) values (4,23,'académica',5);
insert into actividadcorresp (actCorID,estID,actCorActividad,actCorHoras) values (5,23,'cultural',3);
insert into actividadcorresp (actCorID,estID,actCorActividad,actCorHoras) values (6,5,'académica',2);
insert into actividadcorresp (actCorID,estID,actCorActividad,actCorHoras) values (7,7,'acompañamiento',5);
insert into actividadcorresp (actCorID,estID,actCorActividad,actCorHoras) values (8,26,'otra',7);
insert into actividadcorresp (actCorID,estID,actCorActividad,actCorHoras) values (9,5,'otra',3);
insert into actividadcorresp (actCorID,estID,actCorActividad,actCorHoras) values (10,5,'comunitaria',2);
insert into actividadcorresp (actCorID,estID,actCorActividad,actCorHoras) values (11,30,'desarrollo institucional',8);
insert into actividadcorresp (actCorID,estID,actCorActividad,actCorHoras) values (12,17,'otra',3);
insert into actividadcorresp (actCorID,estID,actCorActividad,actCorHoras) values (13,2,'desarrollo institucional',3);
insert into actividadcorresp (actCorID,estID,actCorActividad,actCorHoras) values (14,30,'académica',6);
insert into actividadcorresp (actCorID,estID,actCorActividad,actCorHoras) values (15,13,'comunitaria',3);
insert into actividadcorresp (actCorID,estID,actCorActividad,actCorHoras) values (16,26,'deportiva',2);
insert into actividadcorresp (actCorID,estID,actCorActividad,actCorHoras) values (17,25,'comunitaria',4);
insert into actividadcorresp (actCorID,estID,actCorActividad,actCorHoras) values (18,1,'acompañamiento',3);
insert into actividadcorresp (actCorID,estID,actCorActividad,actCorHoras) values (19,24,'acompañamiento',7);

insert into tiendabienestar values (1,'Bogotá','Ciudad Universitaria','08:00:00','17:00:00',1,2);
insert into tiendabienestar values (2,'Bogotá','Feria del libro','10:00:00','19:00:00',3,4);

insert into factura values (1,'2023-05-18','13:00:00','N.A',1,29);
insert into factura values (2,'2023-04-15','13:00:00','N.A',1,3);
insert into factura values (3,'2023-05-11','15:00:00','N.A',2,11);
insert into factura values (4,'2023-05-3','16:00:00','N.A',1,29);
insert into factura values (5,'2023-03-21','18:00:00','N.A',1,9);
insert into factura values (6,'2023-01-6','18:00:00','N.A',1,2);
insert into factura values (7,'2023-06-1','10:00:00','N.A',1,5);
insert into factura values (8,'2023-02-27','11:00:00','N.A',1,3);
insert into factura values (9,'2023-04-10','10:00:00','N.A',2,6);
insert into factura values (10,'2023-02-2','18:00:00','N.A',2,10);
insert into factura values (11,'2023-02-21','10:00:00','N.A',2,14);
insert into factura values (12,'2023-03-23','11:00:00','N.A',2,15);
insert into factura values (13,'2023-02-13','17:00:00','N.A',2,27);
insert into factura values (14,'2023-04-29','13:00:00','N.A',2,10);
insert into factura values (15,'2023-05-21','17:00:00','N.A',1,7);

insert into producto values (1,83000.0,'Producto1');
insert into producto values (2,88000.0,'Producto2');
insert into producto values (3,93000.0,'Producto3');
insert into producto values (4,98000.0,'Producto4');
insert into producto values (5,103000.0,'Producto5');
insert into producto values (6,108000.0,'Producto6');
insert into producto values (7,113000.0,'Producto7');
insert into producto values (8,118000.0,'Producto8');
insert into producto values (9,123000.0,'Producto9');
insert into producto values (10,128000.0,'Producto10');
insert into producto values (11,133000.0,'Producto11');
insert into producto values (12,138000.0,'Producto12');
insert into producto values (13,143000.0,'Producto13');
insert into producto values (14,148000.0,'Producto14');
insert into producto values (15,153000.0,'Producto15');

insert into factura_producto values (4,13);
insert into factura_producto values (8,1);
insert into factura_producto values (3,12);
insert into factura_producto values (9,7);
insert into factura_producto values (7,11);
insert into factura_producto values (15,9);
insert into factura_producto values (7,6);
insert into factura_producto values (10,8);
insert into factura_producto values (4,5);
insert into factura_producto values (3,5);
insert into factura_producto values (6,2);
insert into factura_producto values (13,7);
insert into factura_producto values (4,14);
insert into factura_producto values (3,10);
insert into factura_producto values (6,11);
insert into factura_producto values (6,7);
insert into factura_producto values (13,10);
insert into factura_producto values (15,10);
insert into factura_producto values (2,8);
insert into factura_producto values (1,7);

#------------------------------------------------------------------
# Valeria
#------------------------------------------------------------------
DELETE FROM incapacidad;
INSERT INTO incapacidad (perID, incFecha, incEnfermedad, incDias, incConvalidada) VALUES
	(65, '2022-03-23', 'psicologica', 10, 1),
	(40, '2022-08-07', 'psicologica', 29, 1),
	(138, '2020-06-19', 'covid', 17, 1),
	(20, '2022-01-12', 'lesion', 14, 1),
	(96, '2021-10-31', 'covid', 21, 1),
	(194, '2021-08-10', 'gastrointestinal', 20, 1),
	(33, '2021-05-25', 'cirugia', 30, 1),
	(159, '2022-02-07', 'covid', 9, 1),
	(153, '2020-08-08', 'lesion', 26, 1),
	(75, '2020-12-06', 'psicologica', 4, 1),
	(65, '2022-06-25', 'psicologica', 1, 1),
	(171, '2020-02-04', 'covid', 14, 1),
	(188, '2020-10-10', 'psicologica', 2, 1),
	(119, '2020-04-12', 'psicologica', 16, 1),
	(163, '2021-03-04', 'psicologica', 23, 1),
	(37, '2021-01-07', 'lesion', 26, 1),
	(98, '2020-06-30', 'psicologica', 2, 1),
	(19, '2020-03-10', 'lesion', 6, 1),
	(164, '2021-01-23', 'lesion', 17, 1),
	(132, '2021-09-13', 'gastrointestinal', 21, 1),
	(60, '2021-10-19', 'covid', 16, 1),
	(130, '2020-04-28', 'psicologica', 25, 1),
	(70, '2021-05-05', 'psicologica', 26, 1),
	(146, '2022-04-16', 'cirugia', 28, 1),
	(191, '2021-12-15', 'covid', 19, 1),
	(156, '2021-05-06', 'psicologica', 25, 1),
	(40, '2022-08-17', 'covid', 24, 1),
	(80, '2022-01-02', 'covid', 28, 1),
	(72, '2021-02-20', 'lesion', 16, 1),
	(105, '2020-05-23', 'covid', 22, 1),
	(148, '2020-05-25', 'covid', 9, 1),
	(128, '2021-07-02', 'psicologica', 5, 1),
	(199, '2020-07-14', 'lesion', 2, 1),
	(35, '2022-02-09', 'covid', 9, 1),
	(123, '2020-12-26', 'psicologica', 30, 1),
	(133, '2023-01-03', 'gastrointestinal', 10, 1),
	(166, '2021-05-30', 'lesion', 23, 1),
	(145, '2020-02-28', 'covid', 28, 1),
	(150, '2022-09-25', 'lesion', 4, 1),
	(63, '2022-03-19', 'covid', 17, 1),
	(186, '2022-06-09', 'covid', 9, 1),
	(40, '2021-11-19', 'cirugia', 9, 1),
	(186, '2021-11-04', 'lesion', 20, 1),
	(59, '2022-06-16', 'covid', 3, 1),
	(47, '2020-03-20', 'cirugia', 5, 1),
	(117, '2020-11-03', 'covid', 12, 1),
	(43, '2022-02-28', 'lesion', 12, 1),
	(158, '2022-04-01', 'covid', 19, 1),
	(172, '2021-06-20', 'cirugia', 12, 1),
	(180, '2020-04-05', 'lesion', 19, 1),
	(35, '2020-03-22', 'lesion', 9, 1),
	(185, '2022-12-15', 'covid', 21, 1),
	(39, '2023-01-19', 'covid', 23, 1),
	(144, '2021-03-13', 'covid', 3, 1),
	(192, '2022-11-21', 'covid', 13, 1),
	(128, '2021-10-21', 'cirugia', 1, 1),
	(72, '2021-09-15', 'psicologica', 26, 1),
	(40, '2021-11-28', 'covid', 24, 1),
	(147, '2021-04-23', 'lesion', 24, 1),
	(34, '2023-01-15', 'covid', 30, 1),
	(63, '2020-10-01', 'psicologica', 22, 1),
	(16, '2021-03-18', 'lesion', 17, 1),
	(80, '2022-03-05', 'cirugia', 28, 1),
	(5, '2021-01-21', 'covid', 26, 1),
	(32, '2020-08-02', 'covid', 27, 1),
	(6, '2021-05-17', 'covid', 15, 1),
	(11, '2022-10-19', 'covid', 6, 1),
	(174, '2022-07-07', 'covid', 29, 1),
	(147, '2021-11-09', 'lesion', 11, 1),
	(180, '2020-02-17', 'lesion', 15, 1),
	(43, '2020-09-10', 'lesion', 20, 1),
	(81, '2022-04-25', 'lesion', 11, 1),
	(41, '2022-12-14', 'psicologica', 6, 1),
	(51, '2021-06-04', 'covid', 23, 1),
	(18, '2020-07-06', 'covid', 30, 1),
	(114, '2022-06-15', 'covid', 25, 1),
	(158, '2020-09-13', 'psicologica', 27, 1),
	(52, '2021-02-05', 'covid', 11, 1),
	(155, '2020-02-04', 'covid', 5, 1),
	(15, '2022-01-14', 'psicologica', 5, 1),
	(18, '2021-10-10', 'psicologica', 12, 1),
	(107, '2022-09-28', 'cirugia', 24, 1),
	(37, '2021-01-12', 'cirugia', 21, 1),
	(186, '2022-09-23', 'psicologica', 3, 1),
	(39, '2020-12-21', 'covid', 29, 1),
	(160, '2022-04-11', 'psicologica', 1, 1),
	(139, '2022-12-24', 'covid', 7, 1),
	(131, '2020-04-05', 'gastrointestinal', 29, 1),
	(25, '2021-05-07', 'lesion', 13, 1),
	(83, '2020-12-31', 'lesion', 15, 1),
	(192, '2021-11-06', 'psicologica', 30, 1),
	(147, '2022-03-22', 'covid', 18, 1),
	(116, '2022-07-03', 'covid', 29, 1),
	(128, '2022-08-27', 'psicologica', 22, 1),
	(74, '2022-05-28', 'gastrointestinal', 6, 1),
	(183, '2022-08-20', 'gastrointestinal', 27, 1),
	(43, '2021-01-05', 'covid', 22, 1),
	(99, '2020-11-13', 'psicologica', 1, 1),
	(97, '2022-11-03', 'psicologica', 8, 1),
	(11, '2021-09-30', 'covid', 17, 1);

DELETE FROM ambulancia;
INSERT INTO ambulancia VALUES 
	('ABC123'), ('DEF456'), ('HIJ789');

DELETE FROM personalsalud;
INSERT INTO personalsalud (perID, salProfesion, salEspecializacion,salTipo, salAmbulancia) VALUES
	(10, 'Enfermeria', 'Ninguna', 'General', 'ABC123'),
    (20, 'Enfermeria', 'Jefe', 'General', 'HIJ789'),
    (30, 'Medico', 'General', 'General', 'ABC123'),
    (40, 'Medico', 'Odontologia', 'General', 'HIJ789'),
    (50, 'Medico', 'Psicologia', 'General', 'HIJ789'),
    (60, 'Medico', 'Optometra', 'General', 'ABC123'),
    (70, 'Medico', 'Cardiologo', 'General', 'DEF456');


